id,modern,unicode,traditional_or_variants,traditional_unicode,pinyin,radical,stroke_count,entering_tone,rhyme_group,dictionary_basis,dictionary_source_work,dictionary_source_note,dictionary_gloss,dictionary_annotation,original_meaning,modern_meanings,review_notes
001,天,U+5929,天,,tian1,大,4,no,先韵,新华字典式现代规范义,《新华字典》,现代义项含义参考《新华字典》释义体系整理；当前为项目改写摘要，非逐字原文。,天空|自然界|一天|季节或天气|某些人体部位称谓,天：现代主要用于表示天空；自然界；一天；季节或天气；某些人体部位称谓。常见用法如：天空、今天、天气、天命、天下。,人的头顶，后引申为最高处。,天空|自然界|一天|季节或天气|某些人体部位称谓,字源主线较稳定，可作为第一批核心自然字样板。
002,地,U+5730,地,,di4|de,土,6,no,至韵,新华字典式现代规范义,《新华字典》,现代义项含义参考《新华字典》释义体系整理；当前为项目改写摘要，非逐字原文。,土地|地方|地位或处境|助词“地”,地：现代主要用于表示土地；地方；地位或处境；助词“地”。常见用法如：大地、地方、土地、地位、慢慢地。,土地、大地，与“天”相对。,土地|地方|地位或处境|助词“地”,“也”的构形解释存在不同说法，后续应补充权威字源书校验。
003,日,U+65E5,日,,ri4,日,4,yes,质韵,新华字典式现代规范义,《新华字典》,现代义项含义参考《新华字典》释义体系整理；当前为项目改写摘要，非逐字原文。,太阳|日子|白天|每天|日本简称,日：现代主要用于表示太阳；日子；白天；每天；日本简称。常见用法如：日光、今日、日子、日夜、日本。,太阳。,太阳|日子|白天|每天|日本简称,适合标记“古入声 -> 普通话去声”的音韵变化样板。
004,月,U+6708,月,,yue4,月,4,yes,月韵,新华字典式现代规范义,《新华字典》,现代义项含义参考《新华字典》释义体系整理；当前为项目改写摘要，非逐字原文。,月亮|月份|按月发生或计算,月：现代主要用于表示月亮；月份；按月发生或计算。常见用法如：月光、月份、月亮、岁月、月刊。,月亮。,月亮|月份|按月发生或计算,独体“月”和肉月旁在后续部件整理中应分开处理。
005,人,U+4EBA,人,,ren2,人,2,no,真韵,新华字典式现代规范义,《新华字典》,现代义项含义参考《新华字典》释义体系整理；当前为项目改写摘要，非逐字原文。,人类|别人|成年人|从事某种职业或具有某种身份的人,人：现代主要用于表示人类；别人；成年人；从事某种职业或具有某种身份的人。常见用法如：人民、人生、别人、工人、人才。,人，能直立行走和社会生活的主体。,人类|别人|成年人|从事某种职业或具有某种身份的人,“人”也作为部件参与大量合体字构形，后续应建立部件索引。
006,文,U+6587,文,,wen2,文,4,no,文韵,新华字典式现代规范义,《新华字典》,现代义项含义参考《新华字典》释义体系整理；当前为项目改写摘要，非逐字原文。,文字|文章|文化|文科|温和不粗野,文：现代主要用于表示文字；文章；文化；文科；温和不粗野。常见用法如：文字、文章、文化、文雅、文科。,纹理、花纹、纹饰。,文字|文章|文化|文科|温和不粗野,“文”和“字”的古义分工是本项目的重要基础概念。
007,字,U+5B57,字,,zi4,子,6,no,寘韵,新华字典式现代规范义,《新华字典》,现代义项含义参考《新华字典》释义体系整理；当前为项目改写摘要，非逐字原文。,文字记录单位|字音、字义、字形|字迹|表字或字号,字：现代主要用于表示文字记录单位；字音、字义、字形；字迹；表字或字号。常见用法如：汉字、写字、字典、字迹、名字。,生育、抚育子女。,文字记录单位|字音、字义、字形|字迹|表字或字号,“字”的本义和现代“文字”义差异较大，适合做语义演变示范。
008,道,U+9053,道,,dao4,辶,12,no,号韵,新华字典式现代规范义,《新华字典》,现代义项含义参考《新华字典》释义体系整理；当前为项目改写摘要，非逐字原文。,道路|方向或方法|道理|说|量词|道教相关称谓,道：现代主要用于表示道路；方向或方法；道理；说；量词；道教相关称谓。常见用法如：道路、道理、知道、说道、一道。,道路，行走之路。,道路|方向或方法|道理|说|量词|道教相关称谓,“道”的哲学义极重，后续应单列“抽象义/思想义”来源层级。
009,法,U+6CD5,法|灋,,fa3,氵,8,yes,乏韵,新华字典式现代规范义,《新华字典》,现代义项含义参考《新华字典》释义体系整理；当前为项目改写摘要，非逐字原文。,法律|方法|标准或模范|效法|法国简称,法：现代主要用于表示法律；方法；标准或模范；效法；法国简称。常见用法如：法律、办法、方法、法官、合法。,刑法、法度、公平裁判。,法律|方法|标准或模范|效法|法国简称,“廌”神兽辨狱解释流传广，但早期字形证据和训诂细节需重点复核。
010,国,U+56FD,國|或|囶|圀,U+570B,guo2,囗,8,yes,德韵或职部系统相关,新华字典式现代规范义,《新华字典》,现代义项含义参考《新华字典》释义体系整理；当前为项目改写摘要，非逐字原文。,国家|代表国家的|本国的|某些国家简称用字,国：现代主要用于表示国家；代表国家的；本国的；某些国家简称用字。常见用法如：国家、中国、国土、国民、国有。,有城邑、疆界和武备守护的邦国或地域。,国家|代表国家的|本国的|某些国家简称用字,需严格区分“国” U+56FD 与“國” U+570B；现有视觉素材中应同步校正。
011,官,U+5B98,官,,guan1,宀,8,no,桓韵,新华字典式现代规范义,《新华字典》,现代义项含义参考《新华字典》释义体系整理；当前为项目改写摘要，非逐字原文。,官员|官职|官方的|器官、感官|旧指任官,官：现代主要用于表示官员；官职；官方的；器官、感官；旧指任官。常见用法如：官员、法官、官方、器官、五官。,官署或管理公共事务的人，传统解释多关联“吏事君”。,官员|官职|官方的|器官、感官|旧指任官,“𠂤”的构件解释需后续依字源专书复核。
012,民,U+6C11,民,,min2,氏,5,no,真韵,新华字典式现代规范义,《新华字典》,现代义项含义参考《新华字典》释义体系整理；当前为项目改写摘要，非逐字原文。,人民|某一民族的人|民间的|非军人、非官方的,民：现代主要用于表示人民；某一民族的人；民间的；非军人、非官方的。常见用法如：人民、民众、民族、民间、居民。,古义有“众庶、百姓”等核心方向，具体字源解释存在争议。,人民|某一民族的人|民间的|非军人、非官方的,“民”的字源解释争议较多，第一版不宜采用单一猎奇解释；需列为重点复核字。
013,星,U+661F,星,,xing1,日,9,no,青韵,新华字典式现代规范义,《新华字典》,现代义项含义参考《新华字典》释义体系整理；当前为项目改写摘要，非逐字原文。,天体|细碎或零散的点|明星或杰出人物,星：现代主要用于表示天体；细碎或零散的点；明星或杰出人物。常见用法如：星星、星辰、星空、明星、零星。,夜空中发光的天体。,天体|细碎或零散的点|明星或杰出人物,早期构形需结合甲金文字形图像进一步复核。
014,云,U+4E91,云|雲,U+96F2,yun2,二,4,no,文韵,新华字典式现代规范义,《新华字典》,现代义项含义参考《新华字典》释义体系整理；当前为项目改写摘要，非逐字原文。,云彩|像云一样的事物|云计算等新义,云：现代主要用于表示云彩；像云一样的事物；云计算等新义。常见用法如：云彩、白云、风云、云端、云计算。,云气、云彩。,云彩|像云一样的事物|云计算等新义,“云/雲”的古今分工是简繁转换的重要样板。
015,雨,U+96E8,雨,,yu3|yu4,雨,8,no,麌韵、遇韵,新华字典式现代规范义,《新华字典》,现代义项含义参考《新华字典》释义体系整理；当前为项目改写摘要，非逐字原文。,雨水|下雨|像雨一样落下的事物,雨：现代主要用于表示雨水；下雨；像雨一样落下的事物。常见用法如：下雨、雨水、风雨、雨季、暴雨。,从云层降落的水。,雨水|下雨|像雨一样落下的事物,现代常读 yu3，动词古读和文言读音需另作音义分流。
016,雷,U+96F7,雷,,lei2,雨,13,no,灰韵,新华字典式现代规范义,《新华字典》,现代义项含义参考《新华字典》释义体系整理；当前为项目改写摘要，非逐字原文。,雷声|军事爆炸物|比喻突然或强烈的震动,雷：现代主要用于表示雷声；军事爆炸物；比喻突然或强烈的震动。常见用法如：雷声、打雷、雷雨、地雷、雷霆。,雷声，雷雨时的巨大声响。,雷声|军事爆炸物|比喻突然或强烈的震动,早期形体与“畾”等构件关系需后续用字源图谱复核。
017,风,U+98CE,風,U+98A8,feng1,风,4,no,东韵,新华字典式现代规范义,《新华字典》,现代义项含义参考《新华字典》释义体系整理；当前为项目改写摘要，非逐字原文。,空气流动|风俗|风格|消息或传闻|景象,风：现代主要用于表示空气流动；风俗；风格；消息或传闻；景象。常见用法如：大风、风雨、风俗、风格、风景。,空气流动的自然现象。,空气流动|风俗|风格|消息或传闻|景象,简体“风”与繁体“風”的字形关系需在形体链中明确展示。
018,山,U+5C71,山,,shan1,山,3,no,山韵,新华字典式现代规范义,《新华字典》,现代义项含义参考《新华字典》释义体系整理；当前为项目改写摘要，非逐字原文。,山岳|形状像山的东西|姓氏或地名构件,山：现代主要用于表示山岳；形状像山的东西；姓氏或地名构件。常见用法如：高山、山水、山地、山河、山峰。,地面高耸的大型土石隆起。,山岳|形状像山的东西|姓氏或地名构件,说文训释偏义理化，字形本身以象山峰为主。
019,水,U+6C34,水,,shui3,水,4,no,旨韵,新华字典式现代规范义,《新华字典》,现代义项含义参考《新华字典》释义体系整理；当前为项目改写摘要，非逐字原文。,水|河流湖海等水体|液体|某些费用或品质状态,水：现代主要用于表示水；河流湖海等水体；液体；某些费用或品质状态。常见用法如：水流、河水、水分、水平、水果。,水流、液态水。,水|河流湖海等水体|液体|某些费用或品质状态,五行义和自然水体义应分层处理。
020,川,U+5DDD,川,,chuan1,巛,3,no,仙韵,新华字典式现代规范义,《新华字典》,现代义项含义参考《新华字典》释义体系整理；当前为项目改写摘要，非逐字原文。,河流|山间或平原中的水道|四川简称,川：现代主要用于表示河流；山间或平原中的水道；四川简称。常见用法如：山川、河川、川流、四川、川菜。,河流。,河流|山间或平原中的水道|四川简称,“川”与“水”的部件分工后续应并入自然水系字段。
021,石,U+77F3,石,,shi2|dan4,石,5,yes,昔韵,新华字典式现代规范义,《新华字典》,现代义项含义参考《新华字典》释义体系整理；当前为项目改写摘要，非逐字原文。,石头|石制品|矿物相关|容量单位,石：现代主要用于表示石头；石制品；矿物相关；容量单位。常见用法如：石头、石山、石器、宝石、一石粮。,石头、岩石。,石头|石制品|矿物相关|容量单位,现代多音 shi2/dan4 需在后续字音字段中分义标注。
022,土,U+571F,土,,tu3,土,3,no,姥韵,新华字典式现代规范义,《新华字典》,现代义项含义参考《新华字典》释义体系整理；当前为项目改写摘要，非逐字原文。,泥土|土地|本地的|不时髦或不洋气|五行之一,土：现代主要用于表示泥土；土地；本地的；不时髦或不洋气；五行之一。常见用法如：土地、土壤、乡土、土气、水土。,泥土、土地。,泥土|土地|本地的|不时髦或不洋气|五行之一,“土”与“地”语义相近，但“土”更偏材料和本土属性。
023,金,U+91D1,金,,jin1,金,8,no,侵韵,新华字典式现代规范义,《新华字典》,现代义项含义参考《新华字典》释义体系整理；当前为项目改写摘要，非逐字原文。,金属|黄金|钱财|金色|五行之一,金：现代主要用于表示金属；黄金；钱财；金色；五行之一。常见用法如：金属、黄金、金钱、现金、金色。,金属。,金属|黄金|钱财|金色|五行之一,上古“金”常泛指金属，不宜直接等同现代黄金。
024,木,U+6728,木,,mu4,木,4,yes,屋韵,新华字典式现代规范义,《新华字典》,现代义项含义参考《新华字典》释义体系整理；当前为项目改写摘要，非逐字原文。,树木|木材|木制的|感觉迟钝或呆板|五行之一,木：现代主要用于表示树木；木材；木制的；感觉迟钝或呆板；五行之一。常见用法如：树木、木头、木材、木工、麻木。,树木。,树木|木材|木制的|感觉迟钝或呆板|五行之一,木作为部件极高频，应后续建立植物/材料双重标签。
025,火,U+706B,火,,huo3,火,4,no,果韵,新华字典式现代规范义,《新华字典》,现代义项含义参考《新华字典》释义体系整理；当前为项目改写摘要，非逐字原文。,火焰|燃烧|怒气|兴旺流行|火器或火灾,火：现代主要用于表示火焰；燃烧；怒气；兴旺流行；火器或火灾。常见用法如：火焰、大火、火气、火热、火车。,火焰、燃烧现象。,火焰|燃烧|怒气|兴旺流行|火器或火灾,五行义、自然义和现代交通词“火车”等需分义处理。
026,气,U+6C14,气|氣,U+6C23,qi4,气,4,no,未韵,新华字典式现代规范义,《新华字典》,现代义项含义参考《新华字典》释义体系整理；当前为项目改写摘要，非逐字原文。,气体|呼吸|气候|精神状态|怒气,气：现代主要用于表示气体；呼吸；气候；精神状态；怒气。常见用法如：空气、气体、天气、生气、气质。,云气、气体。,气体|呼吸|气候|精神状态|怒气,“气/氣”涉及哲学义，第一版先保留自然和生理主线。
027,草,U+8349,草,,cao3,艹,9,no,皓韵,新华字典式现代规范义,《新华字典》,现代义项含义参考《新华字典》释义体系整理；当前为项目改写摘要，非逐字原文。,草本植物|草地|草率|草稿|草书,草：现代主要用于表示草本植物；草地；草率；草稿；草书。常见用法如：青草、草地、草原、草稿、草书。,草本植物。,草本植物|草地|草率|草稿|草书,草书义属书体发展引申，需与植物义分层。
028,花,U+82B1,花,,hua1,艹,7,no,麻韵,新华字典式现代规范义,《新华字典》,现代义项含义参考《新华字典》释义体系整理；当前为项目改写摘要，非逐字原文。,花朵|有花纹的|耗费|模糊迷乱|样式或种类,花：现代主要用于表示花朵；有花纹的；耗费；模糊迷乱；样式或种类。常见用法如：花朵、开花、花纹、花钱、眼花。,植物的花朵。,花朵|有花纹的|耗费|模糊迷乱|样式或种类,“花/華”关系复杂，第一版先按现代常用字处理；快速反查中“華”归属“华”。
029,生,U+751F,生,,sheng1,生,5,no,庚韵,新华字典式现代规范义,《新华字典》,现代义项含义参考《新华字典》释义体系整理；当前为项目改写摘要，非逐字原文。,生长|出生|生命|产生|未熟或不熟悉,生：现代主要用于表示生长；出生；生命；产生；未熟或不熟悉。常见用法如：生命、出生、学生、生活、生长。,草木生长、萌发。,生长|出生|生命|产生|未熟或不熟悉,“生”是生命和过程类核心字，后续应进入高频动词/状态字组。
030,鸟,U+9E1F,鳥,U+9CE5,niao3,鸟,5,no,筱韵,新华字典式现代规范义,《新华字典》,现代义项含义参考《新华字典》释义体系整理；当前为项目改写摘要，非逐字原文。,鸟类|飞禽|鸟部字义部件,鸟：现代主要用于表示鸟类；飞禽；鸟部字义部件。常见用法如：小鸟、鸟类、飞鸟、鸟鸣、候鸟。,鸟类。,鸟类|飞禽|鸟部字义部件,简体鸟部与繁体鳥部的形体映射需后续统一。
031,兽,U+517D,獸,U+7378,shou4,丷,11,no,宥韵,新华字典式现代规范义,《新华字典》,现代义项含义参考《新华字典》释义体系整理；当前为项目改写摘要，非逐字原文。,兽类|野兽|比喻野蛮残暴,兽：现代主要用于表示兽类；野兽；比喻野蛮残暴。常见用法如：野兽、禽兽、猛兽、兽医、兽性。,野兽，四足兽类。,兽类|野兽|比喻野蛮残暴,“兽”简化后形体远离繁体，需重点展示繁简对应。
032,鱼,U+9C7C,魚,U+9B5A,yu2,鱼,8,no,鱼韵,新华字典式现代规范义,《新华字典》,现代义项含义参考《新华字典》释义体系整理；当前为项目改写摘要，非逐字原文。,鱼类|鱼肉|形状像鱼的东西,鱼：现代主要用于表示鱼类；鱼肉；形状像鱼的东西。常见用法如：鱼类、鱼肉、金鱼、钓鱼、鱼塘。,鱼类。,鱼类|鱼肉|形状像鱼的东西,古书中“虫”可泛指动物，“水虫”不等同现代昆虫。
033,虫,U+866B,虫|蟲,U+87F2,chong2|hui3,虫,6,no,东韵,新华字典式现代规范义,《新华字典》,现代义项含义参考《新华字典》释义体系整理；当前为项目改写摘要，非逐字原文。,昆虫|小动物|虫部构字部件,虫：现代主要用于表示昆虫；小动物；虫部构字部件。常见用法如：昆虫、虫子、害虫、毛虫、虫牙。,虫蛇类动物，古义较宽。,昆虫|小动物|虫部构字部件,虫/蟲/虺关系复杂，是简化归并与古今义变化的重要样板。
034,牛,U+725B,牛,,niu2,牛,4,no,尤韵,新华字典式现代规范义,《新华字典》,现代义项含义参考《新华字典》释义体系整理；当前为项目改写摘要，非逐字原文。,牛类|牛肉或牛皮相关|比喻厉害或固执,牛：现代主要用于表示牛类；牛肉或牛皮相关；比喻厉害或固执。常见用法如：黄牛、牛肉、牛奶、水牛、很牛。,牛。,牛类|牛肉或牛皮相关|比喻厉害或固执,“牛”作为农耕文明核心动物字，应与田、犁、牧等字联动。
035,羊,U+7F8A,羊,,yang2,羊,6,no,阳韵,新华字典式现代规范义,《新华字典》,现代义项含义参考《新华字典》释义体系整理；当前为项目改写摘要，非逐字原文。,羊类|羊肉或羊毛相关|姓氏或部件,羊：现代主要用于表示羊类；羊肉或羊毛相关；姓氏或部件。常见用法如：山羊、绵羊、羊肉、羊毛、牧羊。,羊。,羊类|羊肉或羊毛相关|姓氏或部件,说文“祥也”带有文化解释色彩，字形层面仍以羊头象形为主。
036,马,U+9A6C,馬,U+99AC,ma3,马,3,no,马韵,新华字典式现代规范义,《新华字典》,现代义项含义参考《新华字典》释义体系整理；当前为项目改写摘要，非逐字原文。,马类|马匹|象棋棋子|姓氏或马部部件,马：现代主要用于表示马类；马匹；象棋棋子；姓氏或马部部件。常见用法如：马匹、马上、骑马、马车、马力。,马。,马类|马匹|象棋棋子|姓氏或马部部件,马部繁简差异大，后续需建立马部简化映射。
037,犬,U+72AC,犬,,quan3,犬,4,no,铣韵,新华字典式现代规范义,《新华字典》,现代义项含义参考《新华字典》释义体系整理；当前为项目改写摘要，非逐字原文。,狗|犬科动物|犬旁部件,犬：现代主要用于表示狗；犬科动物；犬旁部件。常见用法如：犬类、警犬、猎犬、犬牙、犬子。,狗。,狗|犬科动物|犬旁部件,犬与犭旁的关系应在后续部件库中单独说明。
038,女,U+5973,女,,nv3,女,3,no,语韵,新华字典式现代规范义,《新华字典》,现代义项含义参考《新华字典》释义体系整理；当前为项目改写摘要，非逐字原文。,女性|女儿|女方或女性身份|女部字义部件,女：现代主要用于表示女性；女儿；女方或女性身份；女部字义部件。常见用法如：女人、女子、女儿、女性、女工。,女性。,女性|女儿|女方或女性身份|女部字义部件,古文字姿态解释需避免现代性别刻板化叙述，后续应补字形图。
039,男,U+7537,男,,nan2,田,7,no,覃韵,新华字典式现代规范义,《新华字典》,现代义项含义参考《新华字典》释义体系整理；当前为项目改写摘要，非逐字原文。,男性|男子|儿子|男性身份,男：现代主要用于表示男性；男子；儿子；男性身份。常见用法如：男人、男子、男孩、男性、男女。,田间出力劳作的人，传统上指男子。,男性|男子|儿子|男性身份,“田+力”的解释反映古代生产分工，应与现代性别概念区分。
040,子,U+5B50,子,,zi3|zi,子,3,no,止韵,新华字典式现代规范义,《新华字典》,现代义项含义参考《新华字典》释义体系整理；当前为项目改写摘要，非逐字原文。,孩子或儿子|人或事物的称名后缀|种子或小而硬的东西|地支第一位,子：现代主要用于表示孩子或儿子；人或事物的称名后缀；种子或小而硬的东西；地支第一位。常见用法如：孩子、儿子、子女、孔子、种子。,婴儿、小孩。,孩子或儿子|人或事物的称名后缀|种子或小而硬的东西|地支第一位,说文以地支义解释较重，现代数据中应把婴儿象形与地支义分开。
041,老,U+8001,老,,lao3,老,6,no,皓韵,新华字典式现代规范义,《新华字典》,现代义项含义参考《新华字典》释义体系整理；当前为项目改写摘要，非逐字原文。,年纪大|时间久|经验丰富或熟练|经常|排行或尊称前缀,老：现代主要用于表示年纪大；时间久；经验丰富或熟练；经常；排行或尊称前缀。常见用法如：老人、老师、老家、老练、老是。,年老的人。,年纪大|时间久|经验丰富或熟练|经常|排行或尊称前缀,“老”“考”古义关系密切，后续应和“孝、考”并读。
042,幼,U+5E7C,幼,,you4,幺,5,no,宥韵,新华字典式现代规范义,《新华字典》,现代义项含义参考《新华字典》释义体系整理；当前为项目改写摘要，非逐字原文。,年纪小|幼小|初级或未成熟,幼：现代主要用于表示年纪小；幼小；初级或未成熟。常见用法如：幼儿、幼小、幼年、幼稚、幼苗。,弱小、年幼。,年纪小|幼小|初级或未成熟,“幺”的细小义是理解幼字的关键，后续可并入年龄状态字组。
043,首,U+9996,首,,shou3,首,9,no,有韵,新华字典式现代规范义,《新华字典》,现代义项含义参考《新华字典》释义体系整理；当前为项目改写摘要，非逐字原文。,头|最先或第一|首领|开端|诗歌等量词,首：现代主要用于表示头；最先或第一；首领；开端；诗歌等量词。常见用法如：首都、首先、首领、首饰、一首诗。,头。,头|最先或第一|首领|开端|诗歌等量词,“首”与“页”的头部义系统需后续建立关联。
044,目,U+76EE,目,,mu4,目,5,yes,屋韵,新华字典式现代规范义,《新华字典》,现代义项含义参考《新华字典》释义体系整理；当前为项目改写摘要，非逐字原文。,眼睛|看|条目或目录|目标|名称类别,目：现代主要用于表示眼睛；看；条目或目录；目标；名称类别。常见用法如：目光、目的、目录、项目、耳目。,眼睛。,眼睛|看|条目或目录|目标|名称类别,目是视觉和认知隐喻的核心字，后续应关联见、视、看。
045,耳,U+8033,耳,,er3,耳,6,no,止韵,新华字典式现代规范义,《新华字典》,现代义项含义参考《新华字典》释义体系整理；当前为项目改写摘要，非逐字原文。,耳朵|听闻|器物两侧的把手状部分|文言语气词,耳：现代主要用于表示耳朵；听闻；器物两侧的把手状部分；文言语气词。常见用法如：耳朵、耳目、耳机、木耳、悦耳。,耳朵。,耳朵|听闻|器物两侧的把手状部分|文言语气词,“耳”作语气词的文言功能需和实体器官义分层。
046,口,U+53E3,口,,kou3,口,3,no,厚韵,新华字典式现代规范义,《新华字典》,现代义项含义参考《新华字典》释义体系整理；当前为项目改写摘要，非逐字原文。,嘴|出入口|人口|口头表达|器物开口,口：现代主要用于表示嘴；出入口；人口；口头表达；器物开口。常见用法如：口语、入口、人口、口才、开口。,嘴，口腔开口。,嘴|出入口|人口|口头表达|器物开口,口既是身体器官，也是言语系统和空间开口的核心部件。
047,鼻,U+9F3B,鼻,,bi2,鼻,14,no,至韵,新华字典式现代规范义,《新华字典》,现代义项含义参考《新华字典》释义体系整理；当前为项目改写摘要，非逐字原文。,鼻子|像鼻子的部分|嗅觉相关|鼻祖等起始义,鼻：现代主要用于表示鼻子；像鼻子的部分；嗅觉相关；鼻祖等起始义。常见用法如：鼻子、鼻孔、鼻音、鼻祖、鼻梁。,鼻子。,鼻子|像鼻子的部分|嗅觉相关|鼻祖等起始义,“自”与“鼻”的关系是重要字源知识点，后续需单列。
048,手,U+624B,手,,shou3,手,4,no,有韵,新华字典式现代规范义,《新华字典》,现代义项含义参考《新华字典》释义体系整理；当前为项目改写摘要，非逐字原文。,手|亲自|技能或本领|从事某种工作的人|手段,手：现代主要用于表示手；亲自；技能或本领；从事某种工作的人；手段。常见用法如：手掌、双手、手机、高手、动手。,手。,手|亲自|技能或本领|从事某种工作的人|手段,手、扌、又、寸、爪等动作部件需后续建立部件谱系。
049,才,U+624D,才|纔,,cai2,扌,3,no,咍韵,新华字典式现代规范义,《新华字典》,现代义项含义参考《新华字典》释义体系整理；当前为项目改写摘要，非逐字原文。,才能|有才能的人|刚刚|只有或仅仅|表示条件才成立,才：现代主要用于表示才能；有才能的人；刚刚；只有或仅仅；表示条件才成立。常见用法如：才能、人才、刚才、才华、才干。,初生、初始之义存在传统解释，具体字源需复核。,才能|有才能的人|刚刚|只有或仅仅|表示条件才成立,才不完全属于身体字，更适合归入能力/抽象功能字；暂按原路线保留。
050,足,U+8DB3,足,,zu2,足,7,yes,烛韵,新华字典式现代规范义,《新华字典》,现代义项含义参考《新华字典》释义体系整理；当前为项目改写摘要，非逐字原文。,脚|足够|值得|满足|足部构字部件,足：现代主要用于表示脚；足够；值得；满足；足部构字部件。常见用法如：手足、足球、足够、满足、不足。,脚。,脚|足够|值得|满足|足部构字部件,足与止、走、辵等行动部件关系密切。
051,心,U+5FC3,心,,xin1,心,4,no,侵韵,新华字典式现代规范义,《新华字典》,现代义项含义参考《新华字典》释义体系整理；当前为项目改写摘要，非逐字原文。,心脏|思想感情|中心|心意|要点,心：现代主要用于表示心脏；思想感情；中心；心意；要点。常见用法如：心脏、心情、中心、用心、心理。,心脏。,心脏|思想感情|中心|心意|要点,心、忄、恭下心等形态需后续统一到心理语义部件。
052,身,U+8EAB,身,,shen1,身,7,no,真韵,新华字典式现代规范义,《新华字典》,现代义项含义参考《新华字典》释义体系整理；当前为项目改写摘要，非逐字原文。,身体|自己|亲自|身份|人的一生或生命,身：现代主要用于表示身体；自己；亲自；身份；人的一生或生命。常见用法如：身体、身上、身份、自身、亲身。,身体。,身体|自己|亲自|身份|人的一生或生命,“身”是否源于孕身形象存在解释差异，需用字源专书复核。
053,骨,U+9AA8,骨,,gu3|gu1,骨,9,yes,没韵,新华字典式现代规范义,《新华字典》,现代义项含义参考《新华字典》释义体系整理；当前为项目改写摘要，非逐字原文。,骨头|骨架|人的气概或品质|核心结构,骨：现代主要用于表示骨头；骨架；人的气概或品质；核心结构。常见用法如：骨头、骨骼、骨气、骨干、筋骨。,骨头、骨骼。,骨头|骨架|人的气概或品质|核心结构,口语轻声或 gu1 读法需在现代音义字段中细分。
054,血,U+8840,血,,xue4|xie3,血,6,yes,屑韵,新华字典式现代规范义,《新华字典》,现代义项含义参考《新华字典》释义体系整理；当前为项目改写摘要，非逐字原文。,血液|血统或血缘|牺牲伤亡|刚强热烈的气质,血：现代主要用于表示血液；血统或血缘；牺牲伤亡；刚强热烈的气质。常见用法如：血液、流血、血缘、热血、血统。,血液。,血液|血统或血缘|牺牲伤亡|刚强热烈的气质,现代 xue4/xie3 读音分布和口语用法需后续分义标注。
055,王,U+738B,王,,wang2|wang4,王,4,no,阳韵、漾韵,新华字典式现代规范义,《新华字典》,现代义项含义参考《新华字典》释义体系整理；当前为项目改写摘要，非逐字原文。,君主|一类中居首者|称王或统治|姓氏,王：现代主要用于表示君主；一类中居首者；称王或统治；姓氏。常见用法如：王国、君王、王者、王后、称王。,最高统治者或王权象征。,君主|一类中居首者|称王或统治|姓氏,王字早期构形有权杖、斧钺、贯通天地人等不同解释，需专书复核。
056,臣,U+81E3,臣,,chen2,臣,6,no,真韵,新华字典式现代规范义,《新华字典》,现代义项含义参考《新华字典》释义体系整理；当前为项目改写摘要，非逐字原文。,臣子|君主时代的官吏|自谦称谓|使臣服,臣：现代主要用于表示臣子；君主时代的官吏；自谦称谓；使臣服。常见用法如：大臣、臣子、君臣、臣服、功臣。,服属者、奴仆或臣属。,臣子|君主时代的官吏|自谦称谓|使臣服,“臣”的男性奴隶、战俘、官吏义层次需在后续来源中细分。
057,君,U+541B,君,,jun1,口,7,no,文韵,新华字典式现代规范义,《新华字典》,现代义项含义参考《新华字典》释义体系整理；当前为项目改写摘要，非逐字原文。,君主|尊称|对男子或朋友的称呼|姓氏,君：现代主要用于表示君主；尊称；对男子或朋友的称呼；姓氏。常见用法如：君主、国君、君子、诸君、君臣。,发号施令、治理众人的尊者。,君主|尊称|对男子或朋友的称呼|姓氏,君与尹、口的构件关系较清楚，但具体早期用例仍需补文献。
058,主,U+4E3B,主,,zhu3,丶,5,no,麌韵,新华字典式现代规范义,《新华字典》,现代义项含义参考《新华字典》释义体系整理；当前为项目改写摘要，非逐字原文。,主人|主要|主持或掌管|主张|牌位或神主,主：现代主要用于表示主人；主要；主持或掌管；主张；牌位或神主。常见用法如：主人、主要、主席、主动、主张。,灯中主火或中心所在，传统解释需复核。,主人|主要|主持或掌管|主张|牌位或神主,主的字形解释传统色彩较强，需结合甲骨金文材料复核。
059,奴,U+5974,奴,,nu2,女,5,no,模韵,新华字典式现代规范义,《新华字典》,现代义项含义参考《新华字典》释义体系整理；当前为项目改写摘要，非逐字原文。,奴隶|奴仆|受压迫役使者|贬称,奴：现代主要用于表示奴隶；奴仆；受压迫役使者；贬称。常见用法如：奴隶、奴仆、奴才、家奴、奴役。,受役使的人。,奴隶|奴仆|受压迫役使者|贬称,奴字涉及古代身份制度，释义应避免现代化美化或弱化。
060,父,U+7236,父,,fu4|fu3,父,4,no,麌韵,新华字典式现代规范义,《新华字典》,现代义项含义参考《新华字典》释义体系整理；当前为项目改写摘要，非逐字原文。,父亲|男性长辈|某些尊称中的父,父：现代主要用于表示父亲；男性长辈；某些尊称中的父。常见用法如：父亲、父母、父子、祖父、父老。,父亲或父辈家长。,父亲|男性长辈|某些尊称中的父,父字手持工具/斧杖解释需结合字形图进一步校验。
061,母,U+6BCD,母,,mu3,母,5,no,厚韵,新华字典式现代规范义,《新华字典》,现代义项含义参考《新华字典》释义体系整理；当前为项目改写摘要，非逐字原文。,母亲|雌性的|产生或养育事物的来源|母体,母：现代主要用于表示母亲；雌性的；产生或养育事物的来源；母体。常见用法如：母亲、父母、母子、母语、母校。,母亲。,母亲|雌性的|产生或养育事物的来源|母体,母与女的形体关系清楚，具体说文训释需与现代字源解释分层。
062,兄,U+5144,兄,,xiong1,儿,5,no,庚韵,新华字典式现代规范义,《新华字典》,现代义项含义参考《新华字典》释义体系整理；当前为项目改写摘要，非逐字原文。,哥哥|兄长|朋友间男性称谓,兄：现代主要用于表示哥哥；兄长；朋友间男性称谓。常见用法如：兄弟、兄长、兄妹、仁兄、师兄。,兄长，同父母或同族同辈中年长的男子。,哥哥|兄长|朋友间男性称谓,兄的口部构意存在多说，第一版仅保守处理为称谓字。
063,弟,U+5F1F,弟,,di4,弓,7,no,荠韵、霁韵,新华字典式现代规范义,《新华字典》,现代义项含义参考《新华字典》释义体系整理；当前为项目改写摘要，非逐字原文。,弟弟|同辈中年幼男子|门生或后辈|自谦称,弟：现代主要用于表示弟弟；同辈中年幼男子；门生或后辈；自谦称。常见用法如：弟弟、兄弟、子弟、师弟、弟子。,同辈中年幼的男子，具体字源需复核。,弟弟|同辈中年幼男子|门生或后辈|自谦称,弟与第、悌存在音义关系，后续应作为次序/宗法字组处理。
064,祖,U+7956,祖,,zu3,礻,9,no,姥韵,新华字典式现代规范义,《新华字典》,现代义项含义参考《新华字典》释义体系整理；当前为项目改写摘要，非逐字原文。,祖先|开创者|事业或学派源头|祖国相关构词,祖：现代主要用于表示祖先；开创者；事业或学派源头；祖国相关构词。常见用法如：祖先、祖父、祖宗、祖国、鼻祖。,祖庙或祖先神主。,祖先|开创者|事业或学派源头|祖国相关构词,祖的宗庙义是理解宗法系统的关键，应与宗、庙、示部联动。
065,宗,U+5B97,宗,,zong1,宀,8,no,冬韵,新华字典式现代规范义,《新华字典》,现代义项含义参考《新华字典》释义体系整理；当前为项目改写摘要，非逐字原文。,祖宗|宗族|宗派|根本或主要|量词,宗：现代主要用于表示祖宗；宗族；宗派；根本或主要；量词。常见用法如：祖宗、宗族、宗教、宗旨、一宗案。,宗庙，祭祀祖先之所。,祖宗|宗族|宗派|根本或主要|量词,宗的宗教现代义应区别于古代宗庙、宗族义。
066,家,U+5BB6,家,,jia1|jia|jie,宀,10,no,麻韵,新华字典式现代规范义,《新华字典》,现代义项含义参考《新华字典》释义体系整理；当前为项目改写摘要，非逐字原文。,家庭|住所|从事某种专门活动的人|学派|量词,家：现代主要用于表示家庭；住所；从事某种专门活动的人；学派；量词。常见用法如：家庭、国家、家人、专家、作家。,家庭住所或定居生活单位。,家庭|住所|从事某种专门活动的人|学派|量词,家从宀豕的民俗解释流行，但具体声符关系需复核。
067,族,U+65CF,族,,zu2,方,11,yes,屋韵,新华字典式现代规范义,《新华字典》,现代义项含义参考《新华字典》释义体系整理；当前为项目改写摘要，非逐字原文。,家族|民族|种类|有共同属性的人群,族：现代主要用于表示家族；民族；种类；有共同属性的人群。常见用法如：民族、家族、族人、种族、水族。,同族群体或聚众单位，具体构形需复核。,家族|民族|种类|有共同属性的人群,族的字形和本义解释争议较多，需结合甲金文材料重核。
068,兵,U+5175,兵,,bing1,八,7,no,庚韵,新华字典式现代规范义,《新华字典》,现代义项含义参考《新华字典》释义体系整理；当前为项目改写摘要，非逐字原文。,士兵|军队|兵器|军事或战争,兵：现代主要用于表示士兵；军队；兵器；军事或战争。常见用法如：士兵、兵器、兵法、兵力、当兵。,兵器。,士兵|军队|兵器|军事或战争,兵与斤、戈、矛等武器字需建立战争工具网络。
069,戈,U+6208,戈,,ge1,戈,4,no,戈韵,新华字典式现代规范义,《新华字典》,现代义项含义参考《新华字典》释义体系整理；当前为项目改写摘要，非逐字原文。,古代兵器|战争或武力象征|戈部字义部件,戈：现代主要用于表示古代兵器；战争或武力象征；戈部字义部件。常见用法如：干戈、戈壁、倒戈、挥戈、金戈铁马。,古代长柄横刃兵器。,古代兵器|战争或武力象征|戈部字义部件,戈是国、战、武等字的关键武器部件。
070,武,U+6B66,武,,wu3,止,8,no,麌韵,新华字典式现代规范义,《新华字典》,现代义项含义参考《新华字典》释义体系整理；当前为项目改写摘要，非逐字原文。,武力|军事|武艺|勇猛|与文相对的类别,武：现代主要用于表示武力；军事；武艺；勇猛；与文相对的类别。常见用法如：武力、武器、武术、文武、威武。,军事行动或武力。,武力|军事|武艺|勇猛|与文相对的类别,“止戈为武”是经典训释，但字形也可理解为持戈而行，需分层呈现。
071,战,U+6218,戰,U+6230,zhan4,戈,9,no,线韵,新华字典式现代规范义,《新华字典》,现代义项含义参考《新华字典》释义体系整理；当前为项目改写摘要，非逐字原文。,战争|战斗|比赛或斗争|发抖,战：现代主要用于表示战争；战斗；比赛或斗争；发抖。常见用法如：战争、战斗、战士、挑战、战栗。,战争、战斗。,战争|战斗|比赛或斗争|发抖,战/戰繁简差异较大，需在字形链中补充图像。
072,邦,U+90A6,邦,,bang1,阝,6,no,江韵,新华字典式现代规范义,《新华字典》,现代义项含义参考《新华字典》释义体系整理；当前为项目改写摘要，非逐字原文。,国家|国土|国与国之间的关系,邦：现代主要用于表示国家；国土；国与国之间的关系。常见用法如：邦国、联邦、邦交、邻邦、安邦。,古代诸侯国或政治地域。,国家|国土|国与国之间的关系,邦、国、邑语义相近，后续应建立政治空间层级关系。
073,邑,U+9091,邑,,yi4,邑,7,yes,缉韵,新华字典式现代规范义,《新华字典》,现代义项含义参考《新华字典》释义体系整理；当前为项目改写摘要，非逐字原文。,城镇|古代封地或县邑|邑部字义部件,邑：现代主要用于表示城镇；古代封地或县邑；邑部字义部件。常见用法如：城邑、都邑、采邑、邑人、食邑。,城邑、聚落。,城镇|古代封地或县邑|邑部字义部件,邑与右阝是地名、邦国、城市字的重要部件。
074,行,U+884C,行,,xing2|hang2|hang4|heng2,行,6,no,庚韵、唐韵,新华字典式现代规范义,《新华字典》,现代义项含义参考《新华字典》释义体系整理；当前为项目改写摘要，非逐字原文。,走或行动|实行|行业|行列|可以或能干,行：现代主要用于表示走或行动；实行；行业；行列；可以或能干。常见用法如：行动、行走、银行、行业、不行。,道路。,走或行动|实行|行业|行列|可以或能干,行是多音多义核心字，应后续拆成道路义、动作义、行业义、许可义。
075,走,U+8D70,走,,zou3,走,7,no,厚韵,新华字典式现代规范义,《新华字典》,现代义项含义参考《新华字典》释义体系整理；当前为项目改写摘要，非逐字原文。,行走|离开|移动或运行|经过某路线|趋向变化,走：现代主要用于表示行走；离开；移动或运行；经过某路线；趋向变化。常见用法如：走路、走开、走动、行走、出走。,跑、奔走。,行走|离开|移动或运行|经过某路线|趋向变化,古代“走”多为跑，现代“走”多为步行，是古今义位变化的重点样板。
076,跑,U+8DD1,跑,,pao3|pao2,足,12,no,肴韵一类，待复核,新华字典式现代规范义,《新华字典》,现代义项含义参考《新华字典》释义体系整理；当前为项目改写摘要，非逐字原文。,奔跑|逃离|为某事奔走|物体漏出或偏离,跑：现代主要用于表示奔跑；逃离；为某事奔走；物体漏出或偏离。常见用法如：跑步、奔跑、逃跑、跑腿、跑题。,足部动作，后专指奔跑。,奔跑|逃离|为某事奔走|物体漏出或偏离,跑的古义与现代义不完全等同，需后续用韵书和早期文献补证。
077,飞,U+98DE,飛,U+98DB,fei1,飞,3,no,微韵,新华字典式现代规范义,《新华字典》,现代义项含义参考《新华字典》释义体系整理；当前为项目改写摘要，非逐字原文。,飞行|快速移动|飘扬|传播|意外或凭空,飞：现代主要用于表示飞行；快速移动；飘扬；传播；意外或凭空。常见用法如：飞翔、飞机、飞快、飞扬、飞来横祸。,鸟飞。,飞行|快速移动|飘扬|传播|意外或凭空,飞/飛繁简差异大，应在图像层展示简化过程。
078,止,U+6B62,止,,zhi3,止,4,no,止韵,新华字典式现代规范义,《新华字典》,现代义项含义参考《新华字典》释义体系整理；当前为项目改写摘要，非逐字原文。,停止|阻止|截止|仅仅或只,止：现代主要用于表示停止；阻止；截止；仅仅或只。常见用法如：停止、禁止、止步、为止、不止。,脚、足迹或脚趾。,停止|阻止|截止|仅仅或只,止的本形为足迹，现代停止义是关键引申，需和足、走、步连读。
079,立,U+7ACB,立,,li4,立,5,yes,缉韵,新华字典式现代规范义,《新华字典》,现代义项含义参考《新华字典》释义体系整理；当前为项目改写摘要，非逐字原文。,站立|竖起|建立|成立|立刻,立：现代主要用于表示站立；竖起；建立；成立；立刻。常见用法如：站立、成立、立场、立即、建立。,站立。,站立|竖起|建立|成立|立刻,立是从身体姿态到制度建立的典型抽象化字。
080,坐,U+5750,坐,,zuo4,土,7,no,过韵、果韵,新华字典式现代规范义,《新华字典》,现代义项含义参考《新华字典》释义体系整理；当前为项目改写摘要，非逐字原文。,坐下|乘坐|建筑物位置|因某事而获罪或受牵连|不劳动而享有,坐：现代主要用于表示坐下；乘坐；建筑物位置；因某事而获罪或受牵连；不劳动而享有。常见用法如：坐下、坐车、坐落、坐牢、坐享其成。,席地而坐。,坐下|乘坐|建筑物位置|因某事而获罪或受牵连|不劳动而享有,坐的法律义“坐罪”和姿态义应分义处理。
081,卧,U+5367,臥,U+81E5,wo4,卜,8,no,过韵,新华字典式现代规范义,《新华字典》,现代义项含义参考《新华字典》释义体系整理；当前为项目改写摘要，非逐字原文。,躺下|睡觉|横放|潜伏|卧室相关,卧：现代主要用于表示躺下；睡觉；横放；潜伏；卧室相关。常见用法如：卧室、卧倒、卧病、卧铺、卧底。,躺卧。,躺下|睡觉|横放|潜伏|卧室相关,卧/臥简繁结构差异大，现代简体部首归类和字源构形需分开说明。
082,视,U+89C6,視,U+8996,shi4,见,8,no,纸韵、寘韵,新华字典式现代规范义,《新华字典》,现代义项含义参考《新华字典》释义体系整理；当前为项目改写摘要，非逐字原文。,看|看待|考察|比照|视觉相关,视：现代主要用于表示看；看待；考察；比照；视觉相关。常见用法如：视觉、视力、重视、视察、电视。,看、察看。,看|看待|考察|比照|视觉相关,视与见、看、目系统相关，后续应建立视觉动词组。
083,听,U+542C,聽,U+807D,ting1,口,7,no,青韵、径韵,新华字典式现代规范义,《新华字典》,现代义项含义参考《新华字典》释义体系整理；当前为项目改写摘要，非逐字原文。,听见|听从|听任|审理或裁断|听觉活动,听：现代主要用于表示听见；听从；听任；审理或裁断；听觉活动。常见用法如：听见、听话、听从、听力、听证。,用耳接受声音。,听见|听从|听任|审理或裁断|听觉活动,听/聽简繁关系复杂，简体“听”的历史用法需单列复核。
084,言,U+8A00,言,,yan2,言,7,no,元韵,新华字典式现代规范义,《新华字典》,现代义项含义参考《新华字典》释义体系整理；当前为项目改写摘要，非逐字原文。,说话|话语|字句|言论|言部构字部件,言：现代主要用于表示说话；话语；字句；言论；言部构字部件。常见用法如：语言、言语、发言、名言、言论。,说话，表达。,说话|话语|字句|言论|言部构字部件,言和语需要作为言语系统的两个基础层级并读。
085,语,U+8BED,語,U+8A9E,yu3|yu4,讠,9,no,语韵、御韵,新华字典式现代规范义,《新华字典》,现代义项含义参考《新华字典》释义体系整理；当前为项目改写摘要，非逐字原文。,话|语言|说|语句或语法单位,语：现代主要用于表示话；语言；说；语句或语法单位。常见用法如：语言、语文、语气、外语、语法。,谈论、言语。,话|语言|说|语句或语法单位,语的现代学科义和古代论难/告诉义应分层。
086,作,U+4F5C,作,,zuo4|zuo1,亻,7,yes,铎韵、暮韵,新华字典式现代规范义,《新华字典》,现代义项含义参考《新华字典》释义体系整理；当前为项目改写摘要，非逐字原文。,做|创作|当作|发作|装作,作：现代主要用于表示做；创作；当作；发作；装作。常见用法如：工作、作文、作为、创作、作业。,兴起、开始做事。,做|创作|当作|发作|装作,作有入声和去声层次，现代 zuo1 口语义需另列。
087,用,U+7528,用,,yong4,用,5,no,用韵,新华字典式现代规范义,《新华字典》,现代义项含义参考《新华字典》释义体系整理；当前为项目改写摘要，非逐字原文。,使用|功用|费用|需要|任用或采用,用：现代主要用于表示使用；功用；费用；需要；任用或采用。常见用法如：使用、作用、费用、用户、不用。,使用、施用，具体字源待复核。,使用|功用|费用|需要|任用或采用,用的形源解释分歧较大，第一版保守处理为功能/施行核心字。
088,吃,U+5403,吃|喫,,chi1|ji2,口,6,yes,迄韵一类,新华字典式现代规范义,《新华字典》,现代义项含义参考《新华字典》释义体系整理；当前为项目改写摘要，非逐字原文。,进食|吸收或消耗|承受|依靠某物生活|受骗或受损,吃：现代主要用于表示进食；吸收或消耗；承受；依靠某物生活；受骗或受损。常见用法如：吃饭、吃苦、吃亏、吃力、吃水。,口吃、言语结涩，进食义需结合“喫”等字考察。,进食|吸收或消耗|承受|依靠某物生活|受骗或受损,吃的现代义和古义差距很大，是古今词义替换的重要样板。
089,拿,U+62FF,拿|拏,,na2,手,10,no,麻韵一类，待复核,新华字典式现代规范义,《新华字典》,现代义项含义参考《新华字典》释义体系整理；当前为项目改写摘要，非逐字原文。,用手取|抓捕|掌握|用某种方式对待|刁难,拿：现代主要用于表示用手取；抓捕；掌握；用某种方式对待；刁难。常见用法如：拿走、拿来、捉拿、拿手、拿主意。,用手取物，具体字源待复核。,用手取|抓捕|掌握|用某种方式对待|刁难,拿是现代高频口语动词，但历史层资料需补强。
090,放,U+653E,放,,fang4,攵,8,no,漾韵、养韵,新华字典式现代规范义,《新华字典》,现代义项含义参考《新华字典》释义体系整理；当前为项目改写摘要，非逐字原文。,放置|释放|发出|开放|放任,放：现代主要用于表示放置；释放；发出；开放；放任。常见用法如：放下、释放、开放、放学、放心。,驱逐、放逐。,放置|释放|发出|开放|放任,放的“放置”义和“放逐/释放”义应分层，现代用法扩展很大。
091,宫,U+5BAB,宮,U+5BAE,gong1,宀,9,no,东韵,新华字典式现代规范义,《新华字典》,现代义项含义参考《新华字典》释义体系整理；当前为项目改写摘要，非逐字原文。,宫殿|宫廷|庙宇或文化建筑|身体腔室|五音之一,宫：现代主要用于表示宫殿；宫廷；庙宇或文化建筑；身体腔室；五音之一。常见用法如：宫殿、故宫、宫廷、子宫、宫商。,房屋、居室群。,宫殿|宫廷|庙宇或文化建筑|身体腔室|五音之一,宫本义较宽，后世才强烈宫廷化；需与室、宅、家分层。
092,室,U+5BA4,室,,shi4,宀,9,yes,质韵,新华字典式现代规范义,《新华字典》,现代义项含义参考《新华字典》释义体系整理；当前为项目改写摘要，非逐字原文。,房间|机关学校等内部单位|家或妻室|墓室等封闭空间,室：现代主要用于表示房间；机关学校等内部单位；家或妻室；墓室等封闭空间。常见用法如：教室、室内、办公室、卧室、家室。,房屋内部空间。,房间|机关学校等内部单位|家或妻室|墓室等封闭空间,室的家庭义和现代机构房间义需分层。
093,宅,U+5B85,宅,,zhai2,宀,6,yes,陌韵,新华字典式现代规范义,《新华字典》,现代义项含义参考《新华字典》释义体系整理；当前为项目改写摘要，非逐字原文。,住宅|居住|家宅|长期待在家中的状态,宅：现代主要用于表示住宅；居住；家宅；长期待在家中的状态。常见用法如：住宅、宅院、家宅、宅基地、宅男。,住所、居处。,住宅|居住|家宅|长期待在家中的状态,现代网络义“宅”应作为很晚近引申，不进入古义主线。
094,户,U+6237,戶|户,U+6236,hu4,户,4,no,姥韵,新华字典式现代规范义,《新华字典》,现代义项含义参考《新华字典》释义体系整理；当前为项目改写摘要，非逐字原文。,门|住户|家庭单位|账户|门第,户：现代主要用于表示门；住户；家庭单位；账户；门第。常见用法如：门户、住户、户口、账户、千家万户。,单扇门。,门|住户|家庭单位|账户|门第,户与门的单扇/双扇区分是居所字组的关键。
095,门,U+95E8,門,U+9580,men2,门,3,no,魂韵,新华字典式现代规范义,《新华字典》,现代义项含义参考《新华字典》释义体系整理；当前为项目改写摘要，非逐字原文。,门|出入口|种类|门派或学派|途径,门：现代主要用于表示门；出入口；种类；门派或学派；途径。常见用法如：大门、门口、部门、门类、门路。,双扇门。,门|出入口|种类|门派或学派|途径,门/門繁简差异明确，门部字需统一映射。
096,车,U+8F66,車,U+8ECA,che1|ju1,车,4,no,麻韵、鱼韵,新华字典式现代规范义,《新华字典》,现代义项含义参考《新华字典》释义体系整理；当前为项目改写摘要，非逐字原文。,车辆|机器部件或车床|象棋棋子|用车加工,车：现代主要用于表示车辆；机器部件或车床；象棋棋子；用车加工。常见用法如：汽车、火车、车轮、车站、车床。,有轮的交通工具。,车辆|机器部件或车床|象棋棋子|用车加工,车的 ju1 读音主要见棋子等，需在音义字段分流。
097,舟,U+821F,舟,,zhou1,舟,6,no,尤韵,新华字典式现代规范义,《新华字典》,现代义项含义参考《新华字典》释义体系整理；当前为项目改写摘要，非逐字原文。,船|水上交通工具|舟部字义部件,舟：现代主要用于表示船；水上交通工具；舟部字义部件。常见用法如：小舟、舟船、龙舟、轻舟、刻舟求剑。,船。,船|水上交通工具|舟部字义部件,舟和船、舶等后起字应作为水上交通小组整理。
098,器,U+5668,器,,qi4,口,16,no,至韵,新华字典式现代规范义,《新华字典》,现代义项含义参考《新华字典》释义体系整理；当前为项目改写摘要，非逐字原文。,器具|器械|器官|人的才能或度量|重视,器：现代主要用于表示器具；器械；器官；人的才能或度量；重视。常见用法如：机器、器官、武器、乐器、器重。,器皿、用具。,器具|器械|器官|人的才能或度量|重视,器的构形解释传统色彩较强，需配合甲金文字形复核。
099,皿,U+76BF,皿,,min3,皿,5,no,梗韵,新华字典式现代规范义,《新华字典》,现代义项含义参考《新华字典》释义体系整理；当前为项目改写摘要，非逐字原文。,器皿|容器|皿部字义部件,皿：现代主要用于表示器皿；容器；皿部字义部件。常见用法如：器皿、皿器、皿部。,盛食物或液体的器具。,器皿|容器|皿部字义部件,皿现代单字不高频，但作为部件极重要。
100,刀,U+5200,刀,,dao1,刀,2,no,豪韵,新华字典式现代规范义,《新华字典》,现代义项含义参考《新华字典》释义体系整理；当前为项目改写摘要，非逐字原文。,刀具|兵器|刀形工具|量词|刀部字义部件,刀：现代主要用于表示刀具；兵器；刀形工具；量词；刀部字义部件。常见用法如：小刀、菜刀、刀剑、刀片、一刀纸。,刀具。,刀具|兵器|刀形工具|量词|刀部字义部件,刀与刂旁需建立部件映射。
101,弓,U+5F13,弓,,gong1,弓,3,no,东韵,新华字典式现代规范义,《新华字典》,现代义项含义参考《新华字典》释义体系整理；当前为项目改写摘要，非逐字原文。,弓|弓形物|弯曲|弓部字义部件,弓：现代主要用于表示弓；弓形物；弯曲；弓部字义部件。常见用法如：弓箭、弯弓、弓形、弹弓、弓背。,弓，射箭工具。,弓|弓形物|弯曲|弓部字义部件,弓与矢、射、张等字后续应组成武器/运动小组。
102,衣,U+8863,衣,,yi1|yi4,衣,6,no,微韵、未韵,新华字典式现代规范义,《新华字典》,现代义项含义参考《新华字典》释义体系整理；当前为项目改写摘要，非逐字原文。,衣服|穿衣|覆盖物|衣部字义部件,衣：现代主要用于表示衣服；穿衣；覆盖物；衣部字义部件。常见用法如：衣服、上衣、衣食、穿衣、雨衣。,衣服。,衣服|穿衣|覆盖物|衣部字义部件,衣的名词 yi1 与动词 yi4 需在后续音义层分开。
103,食,U+98DF,食,,shi2|si4|yi4,食,9,yes,职韵、志韵,新华字典式现代规范义,《新华字典》,现代义项含义参考《新华字典》释义体系整理；当前为项目改写摘要，非逐字原文。,食物|吃|供养|食粮|天体被遮蔽,食：现代主要用于表示食物；吃；供养；食粮；天体被遮蔽。常见用法如：食物、食品、饮食、粮食、日食。,食物、吃饭。,食物|吃|供养|食粮|天体被遮蔽,食多音多义，si4 饲养义、yi4 人名古读需另列。
104,井,U+4E95,井,,jing3,二,4,no,静韵,新华字典式现代规范义,《新华字典》,现代义项含义参考《新华字典》释义体系整理；当前为项目改写摘要，非逐字原文。,水井|井状物|整齐|矿井等深洞,井：现代主要用于表示水井；井状物；整齐；矿井等深洞。常见用法如：水井、井口、矿井、井然、井田。,水井。,水井|井状物|整齐|矿井等深洞,井的字形源头与井田制度解释需分开。
105,床,U+5E8A,床|牀,,chuang2,广,7,no,阳韵,新华字典式现代规范义,《新华字典》,现代义项含义参考《新华字典》释义体系整理；当前为项目改写摘要，非逐字原文。,睡床|床位|器物底架|像床一样的承托面,床：现代主要用于表示睡床；床位；器物底架；像床一样的承托面。常见用法如：床铺、起床、病床、河床、机床。,供人坐卧的木制家具。,睡床|床位|器物底架|像床一样的承托面,床/牀关系需在繁异体字段长期保留。
106,鼎,U+9F0E,鼎,,ding3,鼎,12,no,迥韵,新华字典式现代规范义,《新华字典》,现代义项含义参考《新华字典》释义体系整理；当前为项目改写摘要，非逐字原文。,古代礼器或炊器|重大或显赫|鼎立|鼎盛,鼎：现代主要用于表示古代礼器或炊器；重大或显赫；鼎立；鼎盛。常见用法如：鼎盛、问鼎、鼎立、大名鼎鼎、钟鼎。,古代烹煮或祭祀用的三足两耳器。,古代礼器或炊器|重大或显赫|鼎立|鼎盛,鼎的礼制和权力象征义很强，后续应与王、国、宗庙系统关联。
107,网,U+7F51,网|網,U+7DB2,wang3,网,6,no,养韵,新华字典式现代规范义,《新华字典》,现代义项含义参考《新华字典》释义体系整理；当前为项目改写摘要，非逐字原文。,网具|网状结构|捕捉或笼罩|网络|互联网,网：现代主要用于表示网具；网状结构；捕捉或笼罩；网络；互联网。常见用法如：渔网、网络、上网、网球、法网。,绳线编成的捕捉工具。,网具|网状结构|捕捉或笼罩|网络|互联网,网/網和现代互联网义跨度大，是新义扩展的好样板。
108,一,U+4E00,一,,yi1,一,1,yes,质韵,新华字典式现代规范义,《新华字典》,现代义项含义参考《新华字典》释义体系整理；当前为项目改写摘要，非逐字原文。,数字一|同一|统一|全或满|表示动作短暂,一：现代主要用于表示数字一；同一；统一；全或满；表示动作短暂。常见用法如：一个、一起、统一、一定、一会儿。,数字一。,数字一|同一|统一|全或满|表示动作短暂,一的现代变调需后续在现代音系层单列。
109,二,U+4E8C,二,,er4,二,2,no,至韵,新华字典式现代规范义,《新华字典》,现代义项含义参考《新华字典》释义体系整理；当前为项目改写摘要，非逐字原文。,数字二|第二|两样或不一致|不专一,二：现代主要用于表示数字二；第二；两样或不一致；不专一。常见用法如：二人、第二、二月、二心、二手。,数字二。,数字二|第二|两样或不一致|不专一,二与两的分工是现代数量表达的重要问题，后续应单列。
110,三,U+4E09,三,,san1,一,3,no,谈韵,新华字典式现代规范义,《新华字典》,现代义项含义参考《新华字典》释义体系整理；当前为项目改写摘要，非逐字原文。,数字三|第三|多次或多数虚指,三：现代主要用于表示数字三；第三；多次或多数虚指。常见用法如：三个、三月、第三、再三、三思。,数字三。,数字三|第三|多次或多数虚指,三常作虚数表示多，后续应记录数字的虚指功能。
111,十,U+5341,十,,shi2,十,2,yes,缉韵,新华字典式现代规范义,《新华字典》,现代义项含义参考《新华字典》释义体系整理；当前为项目改写摘要，非逐字原文。,数字十|十分或很|完整或全,十：现代主要用于表示数字十；十分或很；完整或全。常见用法如：十个、十分、十足、十全十美、十月。,数字十。,数字十|十分或很|完整或全,十的完整义由十进制完备感引申，适合作数量系统核心字。
112,百,U+767E,百,,bai3,白,6,yes,陌韵,新华字典式现代规范义,《新华字典》,现代义项含义参考《新华字典》释义体系整理；当前为项目改写摘要，非逐字原文。,数字一百|许多|百分比|各种,百：现代主要用于表示数字一百；许多；百分比；各种。常见用法如：一百、百姓、百分、百货、百年。,一百，十个十。,数字一百|许多|百分比|各种,百的构形与白关系需谨慎，第一版先保留传统说法。
113,千,U+5343,千,,qian1,十,3,no,先韵,新华字典式现代规范义,《新华字典》,现代义项含义参考《新华字典》释义体系整理；当前为项目改写摘要，非逐字原文。,数字一千|很多|极多或反复,千：现代主要用于表示数字一千；很多；极多或反复。常见用法如：一千、千万、千古、千里、千方百计。,一千，十个百。,数字一千|很多|极多或反复,千的数量义稳定，但构形细节需后续校验。
114,万,U+4E07,万|萬,U+842C,wan4|mo4,一,3,no,愿韵,新华字典式现代规范义,《新华字典》,现代义项含义参考《新华字典》释义体系整理；当前为项目改写摘要，非逐字原文。,数字一万|极多|完全或绝对|姓氏,万：现代主要用于表示数字一万；极多；完全或绝对；姓氏。常见用法如：一万、万物、万一、千万、万能。,“萬”本义常说为虫类，后借为数目一万。,数字一万|极多|完全或绝对|姓氏,万/萬是简化、假借、本义分离的重要样板。
115,大,U+5927,大,,da4|dai4,大,3,no,泰韵、箇韵,新华字典式现代规范义,《新华字典》,现代义项含义参考《新华字典》释义体系整理；当前为项目改写摘要，非逐字原文。,大|程度深|年长|重要|排行第一,大：现代主要用于表示大；程度深；年长；重要；排行第一。常见用法如：大小、大人、大学、大约、大哥。,人形张大，引申为大。,大|程度深|年长|重要|排行第一,大与人、天的构形关系在前批已有呼应。
116,小,U+5C0F,小,,xiao3,小,3,no,小韵,新华字典式现代规范义,《新华字典》,现代义项含义参考《新华字典》释义体系整理；当前为项目改写摘要，非逐字原文。,小|年幼|少或轻微|地位低|谦称或亲昵称呼,小：现代主要用于表示小；年幼；少或轻微；地位低；谦称或亲昵称呼。常见用法如：大小、小孩、小心、小说、小事。,微小。,小|年幼|少或轻微|地位低|谦称或亲昵称呼,小的物理小、年龄小、地位小应分义处理。
117,长,U+957F,長,U+9577,chang2|zhang3,长,4,no,阳韵、养韵,新华字典式现代规范义,《新华字典》,现代义项含义参考《新华字典》释义体系整理；当前为项目改写摘要，非逐字原文。,长度大|时间久|擅长|生长|年长或首领,长：现代主要用于表示长度大；时间久；擅长；生长；年长或首领。常见用法如：长短、长久、成长、长官、擅长。,长，或长发年长形象。,长度大|时间久|擅长|生长|年长或首领,长 chang2/zhang3 音义分流很重要，后续应拆义项。
118,短,U+77ED,短,,duan3,矢,12,no,缓韵,新华字典式现代规范义,《新华字典》,现代义项含义参考《新华字典》释义体系整理；当前为项目改写摘要，非逐字原文。,长度小|时间少|缺点|亏欠或不足,短：现代主要用于表示长度小；时间少；缺点；亏欠或不足。常见用法如：长短、短处、短期、短缺、短见。,不长。,长度小|时间少|缺点|亏欠或不足,短的构形解释传统色彩较强，需结合字源专书复核。
119,高,U+9AD8,高,,gao1,高,10,no,豪韵,新华字典式现代规范义,《新华字典》,现代义项含义参考《新华字典》释义体系整理；当前为项目改写摘要，非逐字原文。,高度大|等级高|程度高|高明|敬辞,高：现代主要用于表示高度大；等级高；程度高；高明；敬辞。常见用法如：高山、高低、高兴、高级、高明。,高大的建筑或高处。,高度大|等级高|程度高|高明|敬辞,高的空间义和社会等级义扩展清晰。
120,低,U+4F4E,低,,di1,亻,7,no,齐韵,新华字典式现代规范义,《新华字典》,现代义项含义参考《新华字典》释义体系整理；当前为项目改写摘要，非逐字原文。,高度小|等级低|程度小|声音低|俯下,低：现代主要用于表示高度小；等级低；程度小；声音低；俯下。常见用法如：高低、低头、降低、低级、低声。,低下，位置在下。,高度小|等级低|程度小|声音低|俯下,低相对高属于后起形声字，字源链不宜强行上推到甲骨。
121,阴,U+9634,陰,U+9670,yin1,阝,6,no,侵韵,新华字典式现代规范义,《新华字典》,现代义项含义参考《新华字典》释义体系整理；当前为项目改写摘要，非逐字原文。,阴暗|云雨天气|阴性|隐秘|阴阳之阴,阴：现代主要用于表示阴暗；云雨天气；阴性；隐秘；阴阳之阴。常见用法如：阴天、阴阳、阴影、阴性、阴谋。,山北或水南背日处，阴暗。,阴暗|云雨天气|阴性|隐秘|阴阳之阴,阴/陽必须成对整理，涉及自然方位、性别、哲学多层义。
122,阳,U+9633,陽,U+967D,yang2,阝,6,no,阳韵,新华字典式现代规范义,《新华字典》,现代义项含义参考《新华字典》释义体系整理；当前为项目改写摘要，非逐字原文。,阳光|太阳|阳性|外露|阴阳之阳,阳：现代主要用于表示阳光；太阳；阳性；外露；阴阳之阳。常见用法如：太阳、阳光、阴阳、阳性、向阳。,山南或水北向日处，明亮。,阳光|太阳|阳性|外露|阴阳之阳,阳的自然方位义、太阳义、哲学义需分层。
123,自,U+81EA,自,,zi4,自,6,no,至韵,新华字典式现代规范义,《新华字典》,现代义项含义参考《新华字典》释义体系整理；当前为项目改写摘要，非逐字原文。,自己|亲自|自然|从或由|起始来源,自：现代主要用于表示自己；亲自；自然；从或由；起始来源。常见用法如：自己、自然、自从、自动、自信。,鼻子。,自己|亲自|自然|从或由|起始来源,自与鼻的关系已在鼻字中出现，应建立互链。
124,至,U+81F3,至,,zhi4,至,6,no,至韵,新华字典式现代规范义,《新华字典》,现代义项含义参考《新华字典》释义体系整理；当前为项目改写摘要，非逐字原文。,到|达到极点|最|至于|甚至,至：现代主要用于表示到；达到极点；最；至于；甚至。常见用法如：至今、到至、甚至、至于、至高。,到达。,到|达到极点|最|至于|甚至,至是空间到达义向程度极点义扩展的核心字。
125,上,U+4E0A,上,,shang4|shang3,一,3,no,养韵、漾韵,新华字典式现代规范义,《新华字典》,现代义项含义参考《新华字典》释义体系整理；当前为项目改写摘要，非逐字原文。,上方|等级高|前一|到某处去|进行或添加,上：现代主要用于表示上方；等级高；前一；到某处去；进行或添加。常见用法如：上面、上午、上级、上学、上一年。,上方。,上方|等级高|前一|到某处去|进行或添加,上是指事字，空间、时间、等级义需分层。
126,下,U+4E0B,下,,xia4,一,3,no,马韵、祃韵,新华字典式现代规范义,《新华字典》,现代义项含义参考《新华字典》释义体系整理；当前为项目改写摘要，非逐字原文。,下方|等级低|后一个|向下移动|结束或离开,下：现代主要用于表示下方；等级低；后一个；向下移动；结束或离开。常见用法如：下面、下午、下级、下雨、下班。,下方。,下方|等级低|后一个|向下移动|结束或离开,下与上成对，是方位、等级、时间转喻基础。
127,前,U+524D,前,,qian2,刂,9,no,先韵,新华字典式现代规范义,《新华字典》,现代义项含义参考《新华字典》释义体系整理；当前为项目改写摘要，非逐字原文。,前方|以前|次序在先|向前,前：现代主要用于表示前方；以前；次序在先；向前。常见用法如：前面、以前、前进、前后、日前。,前进或前方，具体字源需复核。,前方|以前|次序在先|向前,前的构形需重点复核，不宜用单一说法定论。
128,后,U+540E,后|後,U+5F8C,hou4,口,6,no,厚韵、候韵,新华字典式现代规范义,《新华字典》,现代义项含义参考《新华字典》释义体系整理；当前为项目改写摘要，非逐字原文。,后面|以后|次序在后|王后或皇后,后：现代主要用于表示后面；以后；次序在后；王后或皇后。常见用法如：后来、后面、以后、皇后、前后。,后：君主或王后；後：在后、后来。,后面|以后|次序在后|王后或皇后,后/後是简化合并的关键样板，必须保留双源说明。
129,左,U+5DE6,左,,zuo3,工,5,no,哿韵,新华字典式现代规范义,《新华字典》,现代义项含义参考《新华字典》释义体系整理；当前为项目改写摘要，非逐字原文。,左方|左手|偏差或不正|政治左派,左：现代主要用于表示左方；左手；偏差或不正；政治左派。常见用法如：左右、左手、左边、左派、左证。,左手或辅佐，具体构形需复核。,左方|左手|偏差或不正|政治左派,左的辅佐义与方位义并存，需与右成对处理。
130,右,U+53F3,右,,you4,口,5,no,宥韵,新华字典式现代规范义,《新华字典》,现代义项含义参考《新华字典》释义体系整理；当前为项目改写摘要，非逐字原文。,右方|右手|帮助或保佑|政治右派,右：现代主要用于表示右方；右手；帮助或保佑；政治右派。常见用法如：左右、右手、右边、右派、座右铭。,右手或佑助。,右方|右手|帮助或保佑|政治右派,右与又、佑关系密切，后续应建立同源/近源链接。
131,年,U+5E74,年,,nian2,干,6,no,先韵,新华字典式现代规范义,《新华字典》,现代义项含义参考《新华字典》释义体系整理；当前为项目改写摘要，非逐字原文。,一年|年份|年龄|岁月|春节或年节,年：现代主要用于表示一年；年份；年龄；岁月；春节或年节。常见用法如：今年、年龄、过年、年纪、年成。,谷物成熟或收成周期。,一年|年份|年龄|岁月|春节或年节,年从农业收成周期到历法单位，是农耕时间观的核心字。
132,时,U+65F6,時|时,U+6642,shi2,日,7,no,之韵,新华字典式现代规范义,《新华字典》,现代义项含义参考《新华字典》释义体系整理；当前为项目改写摘要，非逐字原文。,时间|时刻|时机|时代|时常,时：现代主要用于表示时间；时刻；时机；时代；时常。常见用法如：时间、时候、时代、时机、小时。,时令、季节或合宜时刻。,时间|时刻|时机|时代|时常,时/時有多个古异体，后续应补旹、峕等形体链。
133,朝,U+671D,朝,,chao2|zhao1,月,12,no,宵韵,新华字典式现代规范义,《新华字典》,现代义项含义参考《新华字典》释义体系整理；当前为项目改写摘要，非逐字原文。,早晨|朝见或朝廷|朝代|向着,朝：现代主要用于表示早晨；朝见或朝廷；朝代；向着。常见用法如：朝阳、朝廷、朝代、朝向、今朝。,早晨。,早晨|朝见或朝廷|朝代|向着,朝 zhao1 与 chao2 音义分化明显，需单独拆义。
134,夕,U+5915,夕,,xi1,夕,3,yes,昔韵,新华字典式现代规范义,《新华字典》,现代义项含义参考《新华字典》释义体系整理；当前为项目改写摘要，非逐字原文。,傍晚|夜晚|某一日的前夜,夕：现代主要用于表示傍晚；夜晚；某一日的前夜。常见用法如：夕阳、朝夕、前夕、除夕、七夕。,傍晚，日落月出之时。,傍晚|夜晚|某一日的前夜,夕和月、夜、暮关系密切；夕偏傍晚，夜偏黑夜时段。
135,夜,U+591C,夜,,ye4,夕,8,no,祃韵,新华字典式现代规范义,《新华字典》,现代义项含义参考《新华字典》释义体系整理；当前为项目改写摘要，非逐字原文。,夜晚|夜间|黑暗时段|与昼相对的时间,夜：现代主要用于表示夜晚；夜间；黑暗时段；与昼相对的时间。常见用法如：夜晚、黑夜、夜间、半夜、昼夜。,夜晚，天黑的时间。,夜晚|夜间|黑暗时段|与昼相对的时间,夜的说文训释偏义理，现代字段应以昼夜时段义为主。
136,春,U+6625,春|萅,,chun1,日,9,no,谆韵,新华字典式现代规范义,《新华字典》,现代义项含义参考《新华字典》释义体系整理；当前为项目改写摘要，非逐字原文。,春季|青春|生机|男女情欲相关义,春：现代主要用于表示春季；青春；生机；男女情欲相关义。常见用法如：春天、春节、青春、春风、春色。,春季，草木萌发生长之时。,春季|青春|生机|男女情欲相关义,春的季节义与生机义清晰，情感引申需单列。
137,夏,U+590F,夏,,xia4,夂,10,no,马韵、祃韵,新华字典式现代规范义,《新华字典》,现代义项含义参考《新华字典》释义体系整理；当前为项目改写摘要，非逐字原文。,夏季|中国古代朝代名|华夏相关,夏：现代主要用于表示夏季；中国古代朝代名；华夏相关。常见用法如：夏天、夏季、华夏、夏朝、盛夏。,大、华夏等传统义源，季节义需复核。,夏季|中国古代朝代名|华夏相关,夏不是单纯季节象形字，华夏族称、朝代、季节义需分层。
138,秋,U+79CB,秋|秌,,qiu1,禾,9,no,尤韵,新华字典式现代规范义,《新华字典》,现代义项含义参考《新华字典》释义体系整理；当前为项目改写摘要，非逐字原文。,秋季|收获季节|一年或岁月|某种关键时刻,秋：现代主要用于表示秋季；收获季节；一年或岁月；某种关键时刻。常见用法如：秋天、秋季、中秋、春秋、千秋。,禾谷成熟、收获季节。,秋季|收获季节|一年或岁月|某种关键时刻,秋的早期构形存在不同解释，收获季节义较稳定。
139,冬,U+51AC,冬,,dong1,夂,5,no,冬韵,新华字典式现代规范义,《新华字典》,现代义项含义参考《新华字典》释义体系整理；当前为项目改写摘要，非逐字原文。,冬季|寒冷时节|一年末季,冬：现代主要用于表示冬季；寒冷时节；一年末季。常见用法如：冬天、冬季、寒冬、冬眠、冬至。,一年终结时段或冬季，具体字源需复核。,冬季|寒冷时节|一年末季,冬与终在语义上有关联，但构形关系需谨慎。
140,早,U+65E9,早,,zao3,日,6,no,皓韵,新华字典式现代规范义,《新华字典》,现代义项含义参考《新华字典》释义体系整理；当前为项目改写摘要，非逐字原文。,早晨|时间在前|提前|早已,早：现代主要用于表示早晨；时间在前；提前；早已。常见用法如：早上、早晨、早饭、早已、提早。,早晨。,早晨|时间在前|提前|早已,早与朝、旦、晨后续应并入清晨语义组。
141,晚,U+665A,晚|晩,,wan3,日,11,no,阮韵,新华字典式现代规范义,《新华字典》,现代义项含义参考《新华字典》释义体系整理；当前为项目改写摘要，非逐字原文。,晚上|时间迟|后来的|晚年,晚：现代主要用于表示晚上；时间迟；后来的；晚年。常见用法如：晚上、晚饭、晚年、迟晚、晚辈。,日暮、傍晚。,晚上|时间迟|后来的|晚年,晚是后起常用时间字，甲骨层不宜强行上推。
142,昼,U+663C,晝,U+665D,zhou4,日,9,no,宥韵,新华字典式现代规范义,《新华字典》,现代义项含义参考《新华字典》释义体系整理；当前为项目改写摘要，非逐字原文。,白天|与夜相对的时段,昼：现代主要用于表示白天；与夜相对的时段。常见用法如：白昼、昼夜、昼伏夜出、昼间。,白天。,白天|与夜相对的时段,昼/晝与夜成对，繁简差异需图示。
143,今,U+4ECA,今,,jin1,人,4,no,侵韵,新华字典式现代规范义,《新华字典》,现代义项含义参考《新华字典》释义体系整理；当前为项目改写摘要，非逐字原文。,现在|今天|现代|此后,今：现代主要用于表示现在；今天；现代；此后。常见用法如：今天、如今、今年、今后、古今。,现在、当下。,现在|今天|现代|此后,今与古是时间指示对，构形解释需后续补强。
144,古,U+53E4,古,,gu3,口,5,no,姥韵,新华字典式现代规范义,《新华字典》,现代义项含义参考《新华字典》释义体系整理；当前为项目改写摘要，非逐字原文。,古代|古老|古朴|古怪,古：现代主要用于表示古代；古老；古朴；古怪。常见用法如：古代、古人、古今、古老、古怪。,久远的过去。,古代|古老|古朴|古怪,古的‘前言相传’解释有传统色彩，时间义稳定。
145,来,U+6765,來,U+4F86,lai2,木,7,no,咍韵,新华字典式现代规范义,《新华字典》,现代义项含义参考《新华字典》释义体系整理；当前为项目改写摘要，非逐字原文。,来到|未来|以来|趋向说话者|用作助词,来：现代主要用于表示来到；未来；以来；趋向说话者；用作助词。常见用法如：回来、未来、以来、来往、看来。,麦类植物，后假借为到来。,来到|未来|以来|趋向说话者|用作助词,来/來是假借义占主导的关键样板。
146,去,U+53BB,去,,qu4,厶,5,no,御韵,新华字典式现代规范义,《新华字典》,现代义项含义参考《新华字典》释义体系整理；当前为项目改写摘要，非逐字原文。,离开|前往|除掉|过去|距离,去：现代主要用于表示离开；前往；除掉；过去；距离。常见用法如：出去、去年、去掉、过去、去处。,离开或除去，具体形源需复核。,离开|前往|除掉|过去|距离,去与来构成趋向对，另有声调名‘去声’需单列。
147,始,U+59CB,始,,shi3,女,8,no,止韵,新华字典式现代规范义,《新华字典》,现代义项含义参考《新华字典》释义体系整理；当前为项目改写摘要，非逐字原文。,开始|最初|才|始祖或源头,始：现代主要用于表示开始；最初；才；始祖或源头。常见用法如：开始、始终、原始、始祖、初始。,开始。,开始|最初|才|始祖或源头,始的说文训释需与现代起始义分层，不宜过度性别化解释。
148,终,U+7EC8,終,U+7D42,zhong1,纟,8,no,东韵,新华字典式现代规范义,《新华字典》,现代义项含义参考《新华字典》释义体系整理；当前为项目改写摘要，非逐字原文。,结束|最后|始终|终身|到底,终：现代主要用于表示结束；最后；始终；终身；到底。常见用法如：终于、始终、终点、最终、终身。,丝线末端或终结。,结束|最后|始终|终身|到底,终与冬在声义上相关，需与始、冬建立关联。
149,有,U+6709,有,,you3,月,6,no,有韵,新华字典式现代规范义,《新华字典》,现代义项含义参考《新华字典》释义体系整理；当前为项目改写摘要，非逐字原文。,存在|拥有|具有|发生|表示估量或不确定,有：现代主要用于表示存在；拥有；具有；发生；表示估量或不确定。常见用法如：有无、拥有、有用、有时、有些。,持有、拥有。,存在|拥有|具有|发生|表示估量或不确定,有的构形解释复杂，但存在/拥有义稳定，是语义库的存在算子核心。
150,无,U+65E0,无|無,U+7121,wu2|mo2,无,4,no,虞韵,新华字典式现代规范义,《新华字典》,现代义项含义参考《新华字典》释义体系整理；当前为项目改写摘要，非逐字原文。,没有|不存在|不|无论|未,无：现代主要用于表示没有；不存在；不；无论；未。常见用法如：有无、无论、无法、无知、无数。,舞蹈相关，本义与现代无有义分离。,没有|不存在|不|无论|未,无/無是假借和简化的重点样板，必须保留本义与现代义分离。
151,是,U+662F,是,,shi4,日,9,no,纸韵,新华字典式现代规范义,《新华字典》,现代义项含义参考《新华字典》释义体系整理；当前为项目改写摘要，非逐字原文。,判断词|正确|这或此|表示肯定,是：现代主要用于表示判断词；正确；这或此；表示肯定。常见用法如：是非、是否、于是、正是、可是。,正、正确。,判断词|正确|这或此|表示肯定,是从形容判断正确到现代系词，语法化过程重要。
152,非,U+975E,非,,fei1,非,8,no,微韵,新华字典式现代规范义,《新华字典》,现代义项含义参考《新华字典》释义体系整理；当前为项目改写摘要，非逐字原文。,不是|错误|责备|不合于|非常或必须,非：现代主要用于表示不是；错误；责备；不合于；非常或必须。常见用法如：是非、非常、非法、非要、非洲。,相背、违背。,不是|错误|责备|不合于|非常或必须,非是判断否定核心字，与不是/错误/违背三层义需分开。
153,不,U+4E0D,不,,bu4|fou3,一,4,yes,物韵、有韵,新华字典式现代规范义,《新华字典》,现代义项含义参考《新华字典》释义体系整理；当前为项目改写摘要，非逐字原文。,否定副词|表示拒绝或相反|用于构成疑问或反问,不：现代主要用于表示否定副词；表示拒绝或相反；用于构成疑问或反问。常见用法如：不是、不用、不行、不但、不然。,本义存在争议，现代否定义属假借主导。,否定副词|表示拒绝或相反|用于构成疑问或反问,不的现代变调和否定语法功能极重要，后续应单独建语法层。
154,可,U+53EF,可,,ke3|ke4,口,5,no,哿韵,新华字典式现代规范义,《新华字典》,现代义项含义参考《新华字典》释义体系整理；当前为项目改写摘要，非逐字原文。,可以|许可|值得|适合|表示约略或转折,可：现代主要用于表示可以；许可；值得；适合；表示约略或转折。常见用法如：可以、可是、可爱、可靠、可见。,许可、认可，具体语源需复核。,可以|许可|值得|适合|表示约略或转折,可是现代转折连词义很晚，应与许可/可能义分开。
155,能,U+80FD,能,,neng2|nai2,月,10,no,登韵,新华字典式现代规范义,《新华字典》,现代义项含义参考《新华字典》释义体系整理；当前为项目改写摘要，非逐字原文。,能够|能力|能量|擅长|胜任,能：现代主要用于表示能够；能力；能量；擅长；胜任。常见用法如：能力、能够、能量、才能、不能。,熊类动物一类，后假借为能力。,能够|能力|能量|擅长|胜任,能是本义和现代核心义分离的重点样板。
156,好,U+597D,好,,hao3|hao4,女,6,no,皓韵、号韵,新华字典式现代规范义,《新华字典》,现代义项含义参考《新华字典》释义体系整理；当前为项目改写摘要，非逐字原文。,优良|使人满意|喜爱|容易|表示完成或应允,好：现代主要用于表示优良；使人满意；喜爱；容易；表示完成或应允。常见用法如：好坏、很好、爱好、好学、做好。,美好、亲爱。,优良|使人满意|喜爱|容易|表示完成或应允,好 hao3 与 hao4 音义分流需单列；构形解释避免过度现代化阐释。
157,坏,U+574F,壞|坏,U+58DE,huai4|pi1,土,7,no,怪韵,新华字典式现代规范义,《新华字典》,现代义项含义参考《新华字典》释义体系整理；当前为项目改写摘要，非逐字原文。,不好|损坏|败坏|恶劣|使坏,坏：现代主要用于表示不好；损坏；败坏；恶劣；使坏。常见用法如：好坏、坏人、损坏、坏事、破坏。,壞：毁坏、败坏；坏另字古义需复核。,不好|损坏|败坏|恶劣|使坏,坏/壞是简化合并样板，古‘坏’与繁体‘壞’不可混同。
158,善,U+5584,善,,shan4,口,12,no,獮韵,新华字典式现代规范义,《新华字典》,现代义项含义参考《新华字典》释义体系整理；当前为项目改写摘要，非逐字原文。,善良|好|擅长|友好|妥善,善：现代主要用于表示善良；好；擅长；友好；妥善。常见用法如：善良、善恶、完善、善于、友善。,美好、吉善。,善良|好|擅长|友好|妥善,善与羊、美、义等文化评价字有系统关联。
159,恶,U+6076,惡|恶,U+60E1,e4|wu4|e3|wu1,心,10,yes,铎韵、暮韵,新华字典式现代规范义,《新华字典》,现代义项含义参考《新华字典》释义体系整理；当前为项目改写摘要，非逐字原文。,坏或凶恶|罪恶|厌恶|恶心|疑问感叹用法,恶：现代主要用于表示坏或凶恶；罪恶；厌恶；恶心；疑问感叹用法。常见用法如：善恶、恶人、厌恶、恶心、可恶。,不善、丑恶或厌恶情感。,坏或凶恶|罪恶|厌恶|恶心|疑问感叹用法,恶 e4/wu4/e3 多音义复杂，是情感评价与道德评价交叉样板。
160,美,U+7F8E,美,,mei3,羊,9,no,旨韵,新华字典式现代规范义,《新华字典》,现代义项含义参考《新华字典》释义体系整理；当前为项目改写摘要，非逐字原文。,美丽|美好|令人满意|赞美|美国或美洲简称,美：现代主要用于表示美丽；美好；令人满意；赞美；美国或美洲简称。常见用法如：美丽、美好、审美、赞美、美国。,美好、味美或形美，具体构形解释有多说。,美丽|美好|令人满意|赞美|美国或美洲简称,美的构形有羊大、装饰人形等说，应保守处理。
161,丑,U+4E11,丑|醜,U+919C,chou3,一,4,no,有韵,新华字典式现代规范义,《新华字典》,现代义项含义参考《新华字典》释义体系整理；当前为项目改写摘要，非逐字原文。,丑陋|地支第二位|羞耻|戏曲角色,丑：现代主要用于表示丑陋；地支第二位；羞耻；戏曲角色。常见用法如：美丑、丑陋、小丑、丑时、出丑。,丑：地支第二位或手形相关；醜：丑陋、可恶。,丑陋|地支第二位|羞耻|戏曲角色,丑/醜是简化合并的关键样板，现代丑陋义不可直接回推到丑本字。
162,真,U+771F,真,,zhen1,目,10,no,真韵,新华字典式现代规范义,《新华字典》,现代义项含义参考《新华字典》释义体系整理；当前为项目改写摘要，非逐字原文。,真实|确实|真诚|清楚|本质,真：现代主要用于表示真实；确实；真诚；清楚；本质。常见用法如：真假、真实、认真、真心、真正。,真实、本真，具体字源需复核。,真实|确实|真诚|清楚|本质,真字说文解释与现代真实义距离较大，需重点复核。
163,假,U+5047,假,,jia3|jia4,亻,11,no,马韵、祃韵,新华字典式现代规范义,《新华字典》,现代义项含义参考《新华字典》释义体系整理；当前为项目改写摘要，非逐字原文。,不真实|借用|假设|暂时|休假,假：现代主要用于表示不真实；借用；假设；暂时；休假。常见用法如：真假、假如、假期、假借、虚假。,借、凭借。,不真实|借用|假设|暂时|休假,假 jia3/jia4 音义分流明显，假期义需独立。
164,新,U+65B0,新,,xin1,斤,13,no,真韵,新华字典式现代规范义,《新华字典》,现代义项含义参考《新华字典》释义体系整理；当前为项目改写摘要，非逐字原文。,新的|新近|更新|新鲜|刚出现,新：现代主要用于表示新的；新近；更新；新鲜；刚出现。常见用法如：新旧、新闻、新鲜、更新、重新。,新砍的木柴或新近之物，具体字源需复核。,新的|新近|更新|新鲜|刚出现,新从具体取木到抽象更新，适合做语义抽象化样板。
165,旧,U+65E7,舊,U+820A,jiu4,日,5,no,宥韵,新华字典式现代规范义,《新华字典》,现代义项含义参考《新华字典》释义体系整理；当前为项目改写摘要，非逐字原文。,旧的|从前的|原来的|旧交|陈旧,旧：现代主要用于表示旧的；从前的；原来的；旧交；陈旧。常见用法如：新旧、旧书、旧友、依旧、旧时。,旧有、从前，构形需复核。,旧的|从前的|原来的|旧交|陈旧,旧/舊构形复杂且简化幅度大，第一版保守处理现代义。
166,多,U+591A,多,,duo1,夕,6,no,歌韵,新华字典式现代规范义,《新华字典》,现代义项含义参考《新华字典》释义体系整理；当前为项目改写摘要，非逐字原文。,数量多|超过|过分|多么|多余,多：现代主要用于表示数量多；超过；过分；多么；多余。常见用法如：多少、很多、多年、多么、多余。,数量多。,数量多|超过|过分|多么|多余,多和少是数量评价核心对。
167,少,U+5C11,少,,shao3|shao4,小,4,no,小韵、笑韵,新华字典式现代规范义,《新华字典》,现代义项含义参考《新华字典》释义体系整理；当前为项目改写摘要，非逐字原文。,数量少|缺少|稍微|年轻|少年,少：现代主要用于表示数量少；缺少；稍微；年轻；少年。常见用法如：多少、少数、缺少、少年、少量。,数量少。,数量少|缺少|稍微|年轻|少年,少 shao3/shao4 音义分流需与幼、老、年连读。
168,重,U+91CD,重,,zhong4|chong2,里,9,no,用韵、钟韵,新华字典式现代规范义,《新华字典》,现代义项含义参考《新华字典》释义体系整理；当前为项目改写摘要，非逐字原文。,重量大|程度深|重要|重视|重复,重：现代主要用于表示重量大；程度深；重要；重视；重复。常见用法如：轻重、重要、重视、重新、重复。,重量大、沉重。,重量大|程度深|重要|重视|重复,重 zhong4/chong2 分别指重量/重要与重复，应拆义。
169,轻,U+8F7B,輕,U+8F15,qing1,车,9,no,清韵,新华字典式现代规范义,《新华字典》,现代义项含义参考《新华字典》释义体系整理；当前为项目改写摘要，非逐字原文。,重量小|程度浅|轻松|轻率|轻视,轻：现代主要用于表示重量小；程度浅；轻松；轻率；轻视。常见用法如：轻重、轻松、轻视、年轻、轻微。,重量小、轻便。,重量小|程度浅|轻松|轻率|轻视,轻/輕与重成对，繁简差异明确。
170,爱,U+7231,愛,U+611B,ai4,爫,10,no,代韵,新华字典式现代规范义,《新华字典》,现代义项含义参考《新华字典》释义体系整理；当前为项目改写摘要，非逐字原文。,爱慕或爱情|喜爱|爱护|珍惜|容易发生,爱：现代主要用于表示爱慕或爱情；喜爱；爱护；珍惜；容易发生。常见用法如：爱心、爱情、爱护、喜爱、爱好。,亲爱、怜惜。,爱慕或爱情|喜爱|爱护|珍惜|容易发生,爱/愛简化后去心，情感核心部件在形体上被弱化，需图示。
171,恨,U+6068,恨,,hen4,忄,9,no,恨韵,新华字典式现代规范义,《新华字典》,现代义项含义参考《新华字典》释义体系整理；当前为项目改写摘要，非逐字原文。,怨恨|仇恨|遗憾|悔恨,恨：现代主要用于表示怨恨；仇恨；遗憾；悔恨。常见用法如：仇恨、恨不得、痛恨、悔恨、遗恨。,怨恨、遗憾。,怨恨|仇恨|遗憾|悔恨,恨的古义含遗憾，现代多偏强烈怨怼，应分层。
172,喜,U+559C,喜,,xi3,口,12,no,止韵,新华字典式现代规范义,《新华字典》,现代义项含义参考《新华字典》释义体系整理；当前为项目改写摘要，非逐字原文。,高兴|喜欢|可庆的事|吉庆,喜：现代主要用于表示高兴；喜欢；可庆的事；吉庆。常见用法如：喜欢、喜悦、喜事、欢喜、喜庆。,欢乐、高兴。,高兴|喜欢|可庆的事|吉庆,喜与乐、欢、悦可组成正向情感小组。
173,怒,U+6012,怒,,nu4,心,9,no,暮韵,新华字典式现代规范义,《新华字典》,现代义项含义参考《新华字典》释义体系整理；当前为项目改写摘要，非逐字原文。,愤怒|气势猛烈|奋起或奋发,怒：现代主要用于表示愤怒；气势猛烈；奋起或奋发。常见用法如：愤怒、怒气、发怒、怒吼、怒放。,愤怒。,愤怒|气势猛烈|奋起或奋发,怒的情绪义与强盛义之间有气势转喻。
174,哀,U+54C0,哀,,ai1,口,9,no,咍韵,新华字典式现代规范义,《新华字典》,现代义项含义参考《新华字典》释义体系整理；当前为项目改写摘要，非逐字原文。,悲伤|悼念|怜悯|哀求,哀：现代主要用于表示悲伤；悼念；怜悯；哀求。常见用法如：哀伤、悲哀、哀悼、哀求、哀乐。,悲伤、哀哭。,悲伤|悼念|怜悯|哀求,哀是悲伤与怜悯交叉字，应与悲、忧分层。
175,乐,U+4E50,樂,U+6A02,le4|yue4,丿,5,yes,铎韵、觉韵,新华字典式现代规范义,《新华字典》,现代义项含义参考《新华字典》释义体系整理；当前为项目改写摘要，非逐字原文。,快乐|音乐|乐于|喜好,乐：现代主要用于表示快乐；音乐；乐于；喜好。常见用法如：快乐、音乐、乐观、娱乐、乐意。,音乐、乐器。,快乐|音乐|乐于|喜好,乐 le4/yue4 分别偏快乐与音乐，是音义分化重点。
176,思,U+601D,思,,si1|si4,心,9,no,之韵、志韵,新华字典式现代规范义,《新华字典》,现代义项含义参考《新华字典》释义体系整理；当前为项目改写摘要，非逐字原文。,思考|想念|思想|思路|情思,思：现代主要用于表示思考；想念；思想；思路；情思。常见用法如：思想、思考、思念、意思、沉思。,思考、思虑。,思考|想念|思想|思路|情思,思连接心与脑，是心理认知系统核心字。
177,想,U+60F3,想,,xiang3,心,13,no,养韵,新华字典式现代规范义,《新华字典》,现代义项含义参考《新华字典》释义体系整理；当前为项目改写摘要，非逐字原文。,思考|想念|希望|打算|推测,想：现代主要用于表示思考；想念；希望；打算；推测。常见用法如：想法、想念、思想、想象、梦想。,想念、思念。,思考|想念|希望|打算|推测,想是后起高频心理动词，历史层不宜硬上推甲骨。
178,念,U+5FF5,念,,nian4,心,8,no,添韵去声系统,新华字典式现代规范义,《新华字典》,现代义项含义参考《新华字典》释义体系整理；当前为项目改写摘要，非逐字原文。,想念|诵读|念头|记住或纪念,念：现代主要用于表示想念；诵读；念头；记住或纪念。常见用法如：思念、念书、怀念、纪念、念头。,想念、挂念。,想念|诵读|念头|记住或纪念,念的记忆、诵读、佛教义需分层。
179,知,U+77E5,知,,zhi1|zhi4,矢,8,no,支韵、寘韵,新华字典式现代规范义,《新华字典》,现代义项含义参考《新华字典》释义体系整理；当前为项目改写摘要，非逐字原文。,知道|知识|觉察|主管|交好或相知,知：现代主要用于表示知道；知识；觉察；主管；交好或相知。常见用法如：知道、知识、通知、知觉、知己。,知道、了解。,知道|知识|觉察|主管|交好或相知,知是认知核心字，需与识、觉、智建立关联。
180,觉,U+89C9,覺,U+89BA,jue2|jiao4,见,9,yes,觉韵、效韵,新华字典式现代规范义,《新华字典》,现代义项含义参考《新华字典》释义体系整理；当前为项目改写摘要，非逐字原文。,感觉|觉察|觉悟|睡觉,觉：现代主要用于表示感觉；觉察；觉悟；睡觉。常见用法如：感觉、知觉、觉悟、睡觉、发觉。,觉察、醒悟。,感觉|觉察|觉悟|睡觉,觉 jue2/jiao4 分属知觉与睡眠义，必须拆分。
181,意,U+610F,意,,yi4,心,13,no,志韵,新华字典式现代规范义,《新华字典》,现代义项含义参考《新华字典》释义体系整理；当前为项目改写摘要，非逐字原文。,意思|心意|意图|意料|情趣,意：现代主要用于表示意思；心意；意图；意料；情趣。常见用法如：意思、意义、注意、意见、意外。,心中所想。,意思|心意|意图|意料|情趣,意和志、心、言关系密切，适合建立心理意向层。
182,志,U+5FD7,志|誌,,zhi4,心,7,no,志韵,新华字典式现代规范义,《新华字典》,现代义项含义参考《新华字典》释义体系整理；当前为项目改写摘要，非逐字原文。,志向|意志|记载|标记|姓氏,志：现代主要用于表示志向；意志；记载；标记；姓氏。常见用法如：志气、意志、志愿、杂志、标志。,心之所向，志向。,志向|意志|记载|标记|姓氏,志/誌简化合并后，志向义和记载义需分层。
183,信,U+4FE1,信,,xin4|shen1,亻,9,no,震韵,新华字典式现代规范义,《新华字典》,现代义项含义参考《新华字典》释义体系整理；当前为项目改写摘要，非逐字原文。,相信|诚信|消息|书信|凭证或信号,信：现代主要用于表示相信；诚信；消息；书信；凭证或信号。常见用法如：相信、信心、诚信、信息、书信。,言语真实可信。,相信|诚信|消息|书信|凭证或信号,信是语言、社会信用、信息系统之间的桥字。
184,疑,U+7591,疑,,yi2,疋,14,no,之韵,新华字典式现代规范义,《新华字典》,现代义项含义参考《新华字典》释义体系整理；当前为项目改写摘要，非逐字原文。,怀疑|疑问|疑似|迟疑,疑：现代主要用于表示怀疑；疑问；疑似；迟疑。常见用法如：怀疑、疑问、可疑、疑惑、迟疑。,迟疑、不决。,怀疑|疑问|疑似|迟疑,疑是信的反向认知状态，构形复杂需图像复核。
185,怕,U+6015,怕,,pa4,忄,8,no,祃韵一类,新华字典式现代规范义,《新华字典》,现代义项含义参考《新华字典》释义体系整理；当前为项目改写摘要，非逐字原文。,害怕|担心|恐怕|表示推测,怕：现代主要用于表示害怕；担心；恐怕；表示推测。常见用法如：害怕、恐怕、不怕、怕事、怕冷。,害怕、恐惧。,害怕|担心|恐怕|表示推测,怕的推测语气‘恐怕’是情绪词语法化例子。
186,忧,U+5FE7,憂,U+6182,you1,忄,7,no,尤韵,新华字典式现代规范义,《新华字典》,现代义项含义参考《新华字典》释义体系整理；当前为项目改写摘要，非逐字原文。,忧愁|担心|忧患|忧伤,忧：现代主要用于表示忧愁；担心；忧患；忧伤。常见用法如：忧虑、担忧、忧伤、忧患、无忧。,忧愁、忧患。,忧愁|担心|忧患|忧伤,忧/憂简化后形体差异大，字源解释需复核。
187,虑,U+8651,慮,U+616E,lv4,虍,10,no,御韵,新华字典式现代规范义,《新华字典》,现代义项含义参考《新华字典》释义体系整理；当前为项目改写摘要，非逐字原文。,考虑|忧虑|顾虑|谋划|过滤,虑：现代主要用于表示考虑；忧虑；顾虑；谋划；过滤。常见用法如：考虑、忧虑、顾虑、思虑、过滤。,思虑、谋划。,考虑|忧虑|顾虑|谋划|过滤,虑兼具认知和忧惧色彩，应与思、忧、疑关联。
188,忘,U+5FD8,忘,,wang4,心,7,no,漾韵,新华字典式现代规范义,《新华字典》,现代义项含义参考《新华字典》释义体系整理；当前为项目改写摘要，非逐字原文。,忘记|遗忘|忽略|忘怀,忘：现代主要用于表示忘记；遗忘；忽略；忘怀。常见用法如：忘记、遗忘、难忘、忘我、忘恩。,忘记、遗忘。,忘记|遗忘|忽略|忘怀,忘与记、念构成记忆系统对。
189,记,U+8BB0,記,U+8A18,ji4,讠,5,no,志韵,新华字典式现代规范义,《新华字典》,现代义项含义参考《新华字典》释义体系整理；当前为项目改写摘要，非逐字原文。,记住|记录|标记|记述文体,记：现代主要用于表示记住；记录；标记；记述文体。常见用法如：记忆、记录、日记、记者、忘记。,记录、记载。,记住|记录|标记|记述文体,记/記连接语言记录和心理记忆，是文字符号系统关键字。
